-- MySQL Script generated by MySQL Workbench
-- Mon Jan 17 00:35:48 2022
-- Model: New Model    Version: 1.0
-- MySQL Workbench Forward Engineering

SET @OLD_UNIQUE_CHECKS=@@UNIQUE_CHECKS, UNIQUE_CHECKS=0;
SET @OLD_FOREIGN_KEY_CHECKS=@@FOREIGN_KEY_CHECKS, FOREIGN_KEY_CHECKS=0;
SET @OLD_SQL_MODE=@@SQL_MODE, SQL_MODE='ONLY_FULL_GROUP_BY,STRICT_TRANS_TABLES,NO_ZERO_IN_DATE,NO_ZERO_DATE,ERROR_FOR_DIVISION_BY_ZERO,NO_ENGINE_SUBSTITUTION';

-- -----------------------------------------------------
-- Schema Bookkeeper
-- -----------------------------------------------------
DROP SCHEMA IF EXISTS `Bookkeeper` ;

-- -----------------------------------------------------
-- Schema Bookkeeper
-- -----------------------------------------------------
CREATE SCHEMA IF NOT EXISTS `Bookkeeper` DEFAULT CHARACTER SET utf8 ;
USE `Bookkeeper` ;

-- -----------------------------------------------------
-- Table `Bookkeeper`.`books`
-- -----------------------------------------------------
DROP TABLE IF EXISTS `Bookkeeper`.`books` ;

CREATE TABLE IF NOT EXISTS `Bookkeeper`.`books` (
  `id_books` INT NOT NULL AUTO_INCREMENT COMMENT 'Primary key for the books in database',
  `name` VARCHAR(200) NOT NULL COMMENT 'Name of the book, what we\'ll be referencing',
  `author` VARCHAR(50) NOT NULL COMMENT 'Who wrote the book. It\'s in this table since this is amateur writters named \"nobody103\" etc. that nobody remembers anyways, might delete later',
  `chapters` INT NOT NULL COMMENT 'The amount of chapters in the book',
  `pages` INT NOT NULL COMMENT 'How many pages the book has total (some books have chapters with 2 pages, some with 50)',
  `rating` DOUBLE NOT NULL COMMENT 'rating of the book out of 5 - usually below 4 is really bad, above 4.8 is really good',
  `link` VARCHAR(200) NOT NULL COMMENT 'Link to the book',
  PRIMARY KEY (`id_books`),
  UNIQUE INDEX `idbooks_UNIQUE` (`id_books` ASC) VISIBLE,
  UNIQUE INDEX `name_UNIQUE` (`name` ASC) INVISIBLE,
  UNIQUE INDEX `link_UNIQUE` (`link` ASC) VISIBLE)
ENGINE = InnoDB
COMMENT = 'Table containing books and basic information about them';


-- -----------------------------------------------------
-- Table `Bookkeeper`.`tags`
-- -----------------------------------------------------
DROP TABLE IF EXISTS `Bookkeeper`.`tags` ;

CREATE TABLE IF NOT EXISTS `Bookkeeper`.`tags` (
  `id_tags` INT NOT NULL AUTO_INCREMENT COMMENT 'primary key for tags',
  `name` VARCHAR(45) NOT NULL COMMENT 'Name of the tag so we can search for books by tags later',
  PRIMARY KEY (`id_tags`),
  UNIQUE INDEX `idtags_UNIQUE` (`id_tags` ASC) VISIBLE,
  UNIQUE INDEX `name_UNIQUE` (`name` ASC) VISIBLE)
ENGINE = InnoDB
COMMENT = 'List of all tags a book can have';


-- -----------------------------------------------------
-- Table `Bookkeeper`.`book_tags`
-- -----------------------------------------------------
DROP TABLE IF EXISTS `Bookkeeper`.`book_tags` ;

CREATE TABLE IF NOT EXISTS `Bookkeeper`.`book_tags` (
  `fk_book_id` INT NOT NULL,
  `fk_tag_id` INT NOT NULL,
  INDEX `fk_tag_idx` (`fk_tag_id` ASC) VISIBLE,
  CONSTRAINT `fk_book_id`
    FOREIGN KEY (`fk_book_id`)
    REFERENCES `Bookkeeper`.`books` (`id_books`)
    ON DELETE CASCADE
    ON UPDATE CASCADE,
  CONSTRAINT `fk_tag_id`
    FOREIGN KEY (`fk_tag_id`)
    REFERENCES `Bookkeeper`.`tags` (`id_tags`)
    ON DELETE CASCADE
    ON UPDATE CASCADE)
ENGINE = InnoDB
COMMENT = 'Contains tags of each book (like playlist)';


-- -----------------------------------------------------
-- Table `Bookkeeper`.`reading`
-- -----------------------------------------------------
DROP TABLE IF EXISTS `Bookkeeper`.`reading` ;

CREATE TABLE IF NOT EXISTS `Bookkeeper`.`reading` (
  `id_reading` INT NOT NULL AUTO_INCREMENT COMMENT 'primary tag for what books i\'m reading, not sure if its needed',
  `name` VARCHAR(200) NOT NULL COMMENT 'foreign key referencing the book',
  `progress` INT NOT NULL COMMENT 'how many chapters i\'ve read - have to add a check to make sure progress <= chapters',
  PRIMARY KEY (`id_reading`),
  UNIQUE INDEX `id_reading_UNIQUE` (`id_reading` ASC) VISIBLE,
  UNIQUE INDEX `fk_name_UNIQUE` (`name` ASC) VISIBLE,
  CONSTRAINT `fk_reading_name`
    FOREIGN KEY (`name`)
    REFERENCES `Bookkeeper`.`books` (`name`)
    ON DELETE CASCADE
    ON UPDATE CASCADE)
ENGINE = InnoDB
COMMENT = 'Books im currently reading';


-- -----------------------------------------------------
-- Table `Bookkeeper`.`planned`
-- -----------------------------------------------------
DROP TABLE IF EXISTS `Bookkeeper`.`planned` ;

CREATE TABLE IF NOT EXISTS `Bookkeeper`.`planned` (
  `id_planned` INT NOT NULL AUTO_INCREMENT COMMENT 'primary key for what books im planning to read',
  `name` VARCHAR(200) NOT NULL COMMENT 'name of the book',
  `interest` INT NOT NULL COMMENT 'ranking of interest in the book: goes from 1 to n where n is the amount of the books in the table',
  PRIMARY KEY (`id_planned`),
  UNIQUE INDEX `id_planned_UNIQUE` (`id_planned` ASC) VISIBLE,
  UNIQUE INDEX `fk_name_UNIQUE` (`name` ASC) VISIBLE,
  CONSTRAINT `fk_planned_name`
    FOREIGN KEY (`name`)
    REFERENCES `Bookkeeper`.`books` (`name`)
    ON DELETE CASCADE
    ON UPDATE CASCADE)
ENGINE = InnoDB
COMMENT = 'Books im planning to read';


-- -----------------------------------------------------
-- Table `Bookkeeper`.`dropped`
-- -----------------------------------------------------
DROP TABLE IF EXISTS `Bookkeeper`.`dropped` ;

CREATE TABLE IF NOT EXISTS `Bookkeeper`.`dropped` (
  `id_dropped` INT NOT NULL AUTO_INCREMENT,
  `name` VARCHAR(200) NOT NULL COMMENT 'foreign key to books(name) - which books i\'ve dropped',
  `progress` INT NOT NULL COMMENT 'how many chapters i\'ve read - have to add a check to make sure progress <= chapters',
  `reason` VARCHAR(500) NULL COMMENT 'short reason why i\'ve stopped reading the book',
  PRIMARY KEY (`id_dropped`),
  UNIQUE INDEX `id_dropped_UNIQUE` (`id_dropped` ASC) VISIBLE,
  UNIQUE INDEX `fk_name_UNIQUE` (`name` ASC) VISIBLE,
  CONSTRAINT `fk_dropped_name`
    FOREIGN KEY (`name`)
    REFERENCES `Bookkeeper`.`books` (`name`)
    ON DELETE CASCADE
    ON UPDATE CASCADE)
ENGINE = InnoDB
COMMENT = 'Books i\'ve stopped reading';

USE `Bookkeeper` ;

-- -----------------------------------------------------
-- Placeholder table for view `Bookkeeper`.`book_with_tags`
-- -----------------------------------------------------
CREATE TABLE IF NOT EXISTS `Bookkeeper`.`book_with_tags` (`id` INT);

-- -----------------------------------------------------
-- Placeholder table for view `Bookkeeper`.`planned_info_tags`
-- -----------------------------------------------------
CREATE TABLE IF NOT EXISTS `Bookkeeper`.`planned_info_tags` (`id` INT);

-- -----------------------------------------------------
-- procedure change_interest
-- -----------------------------------------------------

USE `Bookkeeper`;
DROP procedure IF EXISTS `Bookkeeper`.`change_interest`;

DELIMITER $$
USE `Bookkeeper`$$
CREATE DEFINER=`root`@`localhost` PROCEDURE `change_interest`(in book_name varchar(150), in target_value int)
proc_label:BEGIN
	declare t_id int;
    declare old_value int;
    declare p_count int;
    declare p_id int;
    declare p_int int;
    declare done int default false;
    declare intCur cursor for
		(select id_planned, interest from planned);
	declare continue handler for not found set done = true;
    
    select interest from planned where name = book_name limit 1 into old_value;
    select count(*) from planned into p_count;
    if target_value > 1 or target_value < p_count then -- target value has to be between 1 and (amount of books planned to read)
		if old_value > target_value then -- we are moving a book up in interest
			open intCur; -- go through every book in planned
				read_loop: loop
					fetch intCur into p_id, p_int;
            
					if done then
						leave read_loop;
					end if;
            
					if p_int >= target_value and p_int < old_value then -- interest between the minimum and maximum values we are increasing it by 1
						update planned set interest = p_int + 1 where id_planned = p_id;
					end if;
                
				end loop read_loop;
			close intCur;
    
			select id_planned from planned where name = book_name limit 1 into t_id; -- get id of target book since we can only modify with 'id' in where
			update planned set interest = target_value where id_planned = t_id; -- set new value of interest for target book
            
		elseif old_value < target_value then -- we are moving book down in interest
        
			open intCur; -- go through every book in planned
				read_loop: loop
					fetch intCur into p_id, p_int;
            
					if done then
						leave read_loop;
					end if;
            
					if p_int <= target_value and p_int > old_value then -- interest between the minimum and maximum values we are increasing it by 1
						update planned set interest = p_int - 1 where id_planned = p_id;
					end if;
                
				end loop read_loop;
			close intCur;
    
			select id_planned from planned where name = book_name limit 1 into t_id; -- get id of target book since we can only modify with 'id' in where
			update planned set interest = target_value where id_planned = t_id; -- set new value of interest for target book
            
		elseif old_value = target_value then -- someone decided to try changing interest to the same value, leave the procedure early
			leave proc_label;
		end if;
	elseif target_value < 1 or target_value > p_count then -- wrong interest value
        leave proc_label;
	end if; 
END$$

DELIMITER ;

-- -----------------------------------------------------
-- procedure new_planned
-- -----------------------------------------------------

USE `Bookkeeper`;
DROP procedure IF EXISTS `Bookkeeper`.`new_planned`;

DELIMITER $$
USE `Bookkeeper`$$
CREATE PROCEDURE `new_planned` (in book_name varchar(150), in target_value int)
BEGIN
	declare p_count int;
    
    select count(*) from planned into p_count;
	insert into planned (name, interest) values (book_name, p_count + 1); -- insert the new book as least interesting
    
    call change_interest(book_name, target_value); -- move the book to desired interest
END$$

DELIMITER ;

-- -----------------------------------------------------
-- procedure remove_planned
-- -----------------------------------------------------

USE `Bookkeeper`;
DROP procedure IF EXISTS `Bookkeeper`.`remove_planned`;

DELIMITER $$
USE `Bookkeeper`$$
CREATE PROCEDURE `remove_planned` (in book_name varchar(150))
BEGIN
	declare p_count int;
    declare t_id int;
    
    select count(*) from planned into p_count;
    call change_interest(book_name, p_count); -- move the book to least interesting
    
    select id_planned from planned where name = book_name limit 1 into t_id;
    delete from planned where id_planned = t_id; -- delete book from list	
END$$

DELIMITER ;

-- -----------------------------------------------------
-- View `Bookkeeper`.`book_with_tags`
-- -----------------------------------------------------
DROP TABLE IF EXISTS `Bookkeeper`.`book_with_tags`;
DROP VIEW IF EXISTS `Bookkeeper`.`book_with_tags` ;
USE `Bookkeeper`;
CREATE  OR REPLACE VIEW `book_with_tags` AS (
	select
		b.id_books, b.name, b.author, b.chapters, b.pages, b.rating, b.link, t.name as tag
	from 
        book_tags as bt
        join books as b on bt.fk_book_id = b.id_books
        join tags as t on bt.fk_tag_id = t.id_tags
);

-- -----------------------------------------------------
-- View `Bookkeeper`.`planned_info_tags`
-- -----------------------------------------------------
DROP TABLE IF EXISTS `Bookkeeper`.`planned_info_tags`;
DROP VIEW IF EXISTS `Bookkeeper`.`planned_info_tags` ;
USE `Bookkeeper`;
CREATE  OR REPLACE VIEW `planned_info_tags` AS (
	select
		p.id_planned, b.name, b.author, b.chapters, b.pages, b.rating, b.link, p.interest, t.name as tag
	from 
        book_tags as bt
        join books as b on bt.fk_book_id = b.id_books
        join tags as t on bt.fk_tag_id = t.id_tags
        join planned as p on b.name = p.name
	where
		b.name in (select name from planned)
);

SET SQL_MODE=@OLD_SQL_MODE;
SET FOREIGN_KEY_CHECKS=@OLD_FOREIGN_KEY_CHECKS;
SET UNIQUE_CHECKS=@OLD_UNIQUE_CHECKS;

-- -----------------------------------------------------
-- Data for table `Bookkeeper`.`books`
-- -----------------------------------------------------
START TRANSACTION;
USE `Bookkeeper`;
INSERT INTO `Bookkeeper`.`books` (`id_books`, `name`, `author`, `chapters`, `pages`, `rating`, `link`) VALUES (1, 'Azarinth Healer', 'Rhaegar', 797, 8926, 4.66, 'https://www.royalroad.com/fiction/16946/azarinth-healer');
INSERT INTO `Bookkeeper`.`books` (`id_books`, `name`, `author`, `chapters`, `pages`, `rating`, `link`) VALUES (2, 'The Primal Hunter', 'Zogarth', 341, 3459, 4.56, 'https://www.royalroad.com/fiction/36049/the-primal-hunter');
INSERT INTO `Bookkeeper`.`books` (`id_books`, `name`, `author`, `chapters`, `pages`, `rating`, `link`) VALUES (3, 'Chrysalis', 'RinoZ', 890, 4274, 4.57, 'https://www.royalroad.com/fiction/22518/chrysalis');
INSERT INTO `Bookkeeper`.`books` (`id_books`, `name`, `author`, `chapters`, `pages`, `rating`, `link`) VALUES (4, 'Unbound', 'Necariin', 327, 3607, 4.41, 'https://www.royalroad.com/fiction/30321/unbound-litrpg-portal-fantasy');
INSERT INTO `Bookkeeper`.`books` (`id_books`, `name`, `author`, `chapters`, `pages`, `rating`, `link`) VALUES (5, 'Mark of the Fool', 'UnstoppableJuggernaut', 215, 1925, 4.63, 'https://www.royalroad.com/fiction/41618/mark-of-the-fool-a-progression-fantasy');
INSERT INTO `Bookkeeper`.`books` (`id_books`, `name`, `author`, `chapters`, `pages`, `rating`, `link`) VALUES (6, 'Salvos', 'MelasD', 307, 2476, 4.58, 'https://www.royalroad.com/fiction/37438/salvos-a-monster-evolution-litrpg');
INSERT INTO `Bookkeeper`.`books` (`id_books`, `name`, `author`, `chapters`, `pages`, `rating`, `link`) VALUES (7, 'Beneath the Dragoneye Moons', 'Selkie', 285, 2873, 4.54, 'https://www.royalroad.com/fiction/36299/beneath-the-dragoneye-moons');
INSERT INTO `Bookkeeper`.`books` (`id_books`, `name`, `author`, `chapters`, `pages`, `rating`, `link`) VALUES (8, 'Blue Core', 'InadvisablyCompelled', 238, 2810, 4.62, 'https://www.royalroad.com/fiction/25082/blue-core');
INSERT INTO `Bookkeeper`.`books` (`id_books`, `name`, `author`, `chapters`, `pages`, `rating`, `link`) VALUES (9, 'Breaker of Horizons', 'NoDragons', 156, 1154, 4.54, 'https://www.royalroad.com/fiction/43958/breaker-of-horizons');
INSERT INTO `Bookkeeper`.`books` (`id_books`, `name`, `author`, `chapters`, `pages`, `rating`, `link`) VALUES (10, 'Mother of Learning', 'nobody103', 108, 2931, 4.83, 'https://www.royalroad.com/fiction/21220/mother-of-learning');
INSERT INTO `Bookkeeper`.`books` (`id_books`, `name`, `author`, `chapters`, `pages`, `rating`, `link`) VALUES (11, 'Everybody Loves Large Chests', 'Exterminatus', 348, 5765, 4.59, 'https://www.royalroad.com/fiction/8894/everybody-loves-large-chests');
INSERT INTO `Bookkeeper`.`books` (`id_books`, `name`, `author`, `chapters`, `pages`, `rating`, `link`) VALUES (12, 'Metaworld Chronicles', 'Wutosama', 456, 7139, 4.56, 'https://www.royalroad.com/fiction/14167/metaworld-chronicles');
INSERT INTO `Bookkeeper`.`books` (`id_books`, `name`, `author`, `chapters`, `pages`, `rating`, `link`) VALUES (13, 'Sylver Seeker', 'KingKennit', 182, 2780, 4.59, 'https://www.royalroad.com/fiction/36065/sylver-seeker');
INSERT INTO `Bookkeeper`.`books` (`id_books`, `name`, `author`, `chapters`, `pages`, `rating`, `link`) VALUES (14, 'Valkyrie\'s Shadow', 'Aeridinae Lunaris', 421, 4441, 4.78, 'https://www.royalroad.com/fiction/39336/valkyries-shadow');
INSERT INTO `Bookkeeper`.`books` (`id_books`, `name`, `author`, `chapters`, `pages`, `rating`, `link`) VALUES (15, 'The Runesmith', 'Kuropon', 182, 1927, 4.28, 'https://www.royalroad.com/fiction/33844/the-runesmith');
INSERT INTO `Bookkeeper`.`books` (`id_books`, `name`, `author`, `chapters`, `pages`, `rating`, `link`) VALUES (16, 'Tree of Aeons', 'spaizzzer', 181, 2184, 4.53, 'https://www.royalroad.com/fiction/20568/tree-of-aeons-an-isekai-story');
INSERT INTO `Bookkeeper`.`books` (`id_books`, `name`, `author`, `chapters`, `pages`, `rating`, `link`) VALUES (17, 'First Contact', 'Ralts Bloodthorne', 693, 7445, 4.66, 'https://www.royalroad.com/fiction/33726/first-contact');
INSERT INTO `Bookkeeper`.`books` (`id_books`, `name`, `author`, `chapters`, `pages`, `rating`, `link`) VALUES (18, 'Dungeon Item Shop', 'Razzmatazz', 309, 2054, 4.23, 'https://www.royalroad.com/fiction/37333/dungeon-item-shop');
INSERT INTO `Bookkeeper`.`books` (`id_books`, `name`, `author`, `chapters`, `pages`, `rating`, `link`) VALUES (19, 'The Perfect Run', 'Maxime J. Durand', 130, 1686, 4.80, 'https://www.royalroad.com/fiction/36735/the-perfect-run');
INSERT INTO `Bookkeeper`.`books` (`id_books`, `name`, `author`, `chapters`, `pages`, `rating`, `link`) VALUES (20, 'Delve', 'SenescentSoul', 176, 3336, 4.51, 'https://www.royalroad.com/fiction/25225/delve');
INSERT INTO `Bookkeeper`.`books` (`id_books`, `name`, `author`, `chapters`, `pages`, `rating`, `link`) VALUES (21, 'There is no Epic Loot here, Only Puns.', 'stewart92', 166, 1994, 4.69, 'https://www.royalroad.com/fiction/15935/there-is-no-epic-loot-here-only-puns');
INSERT INTO `Bookkeeper`.`books` (`id_books`, `name`, `author`, `chapters`, `pages`, `rating`, `link`) VALUES (22, 'Ar\'Kendrithyst', 'Arcs', 272, 8141, 4.56, 'https://www.royalroad.com/fiction/26727/arkendrithyst');
INSERT INTO `Bookkeeper`.`books` (`id_books`, `name`, `author`, `chapters`, `pages`, `rating`, `link`) VALUES (23, 'The Blue Mage Raised by Dragons', 'Virlyce', 537, 2304, 4.37, 'https://www.royalroad.com/fiction/5029/the-blue-mage-raised-by-dragons');
INSERT INTO `Bookkeeper`.`books` (`id_books`, `name`, `author`, `chapters`, `pages`, `rating`, `link`) VALUES (24, 'Blacksmith of the Apocalypse', 'Arkusar', 342, 1856, 4.19, 'https://www.royalroad.com/fiction/38995/blacksmith-of-the-apocalypse');
INSERT INTO `Bookkeeper`.`books` (`id_books`, `name`, `author`, `chapters`, `pages`, `rating`, `link`) VALUES (25, 'Cinnamon Bun', 'RavensDagger', 280, 2079, 4.66, 'https://www.royalroad.com/fiction/31429/cinnamon-bun');
INSERT INTO `Bookkeeper`.`books` (`id_books`, `name`, `author`, `chapters`, `pages`, `rating`, `link`) VALUES (26, 'Tori Transmigrated', 'Aila Aurie', 50, 1036, 4.76, 'https://www.royalroad.com/fiction/47030/tori-transmigrated');
INSERT INTO `Bookkeeper`.`books` (`id_books`, `name`, `author`, `chapters`, `pages`, `rating`, `link`) VALUES (27, 'Speedrunning the Multiverse', 'adastra339', 51, 398, 4.65, 'https://www.royalroad.com/fiction/46319/speedrunning-the-multiverse');
INSERT INTO `Bookkeeper`.`books` (`id_books`, `name`, `author`, `chapters`, `pages`, `rating`, `link`) VALUES (28, 'Monroe', 'Jahx', 194, 1854, 4.30, 'https://www.royalroad.com/fiction/35398/monroe');
INSERT INTO `Bookkeeper`.`books` (`id_books`, `name`, `author`, `chapters`, `pages`, `rating`, `link`) VALUES (29, 'The Storm King', 'warden1207', 662, 6739, 4.45, 'https://www.royalroad.com/fiction/16476/the-storm-king');
INSERT INTO `Bookkeeper`.`books` (`id_books`, `name`, `author`, `chapters`, `pages`, `rating`, `link`) VALUES (30, 'Wizard\'s Tower', 'Allanther', 153, 1163, 4.56, 'https://www.royalroad.com/fiction/41881/wizards-tower');
INSERT INTO `Bookkeeper`.`books` (`id_books`, `name`, `author`, `chapters`, `pages`, `rating`, `link`) VALUES (31, 'The Path of Ascension', 'C_Mantis', 102, 2089, 4.54, 'https://www.royalroad.com/fiction/40920/the-path-of-ascension');
INSERT INTO `Bookkeeper`.`books` (`id_books`, `name`, `author`, `chapters`, `pages`, `rating`, `link`) VALUES (32, 'Unfathomable Senior', 'Kuropon', 425, 3066, 4.14, 'https://www.royalroad.com/fiction/28578/unfathomable-senior');
INSERT INTO `Bookkeeper`.`books` (`id_books`, `name`, `author`, `chapters`, `pages`, `rating`, `link`) VALUES (33, 'Savage Divinity', 'ruffwriter', 769, 12476, 4.17, 'https://www.royalroad.com/fiction/5701/savage-divinity');
INSERT INTO `Bookkeeper`.`books` (`id_books`, `name`, `author`, `chapters`, `pages`, `rating`, `link`) VALUES (34, 'In Loki\'s Honor', 'MDW', 541, 4953, 4.41, 'https://www.royalroad.com/fiction/34323/in-lokis-honor-season-ii');
INSERT INTO `Bookkeeper`.`books` (`id_books`, `name`, `author`, `chapters`, `pages`, `rating`, `link`) VALUES (35, 'Superworld', 'Benjamin Keyworth', 115, 778, 4.70, 'https://www.royalroad.com/fiction/44658/superworld');
INSERT INTO `Bookkeeper`.`books` (`id_books`, `name`, `author`, `chapters`, `pages`, `rating`, `link`) VALUES (36, 'This Young Master is not Cannon Fodder', 'D.C. Gaenlien', 215, 1929, 4.35, 'https://www.royalroad.com/fiction/33461/this-young-master-is-not-cannon-fodder');
INSERT INTO `Bookkeeper`.`books` (`id_books`, `name`, `author`, `chapters`, `pages`, `rating`, `link`) VALUES (37, 'The Great Core\'s Paradox', 'Zendran', 150, 811, 4.64, 'https://www.royalroad.com/fiction/40888/the-great-cores-paradox');
INSERT INTO `Bookkeeper`.`books` (`id_books`, `name`, `author`, `chapters`, `pages`, `rating`, `link`) VALUES (38, 'The Hero Without a Past', 'Dangerguard', 43, 366, 4.63, 'https://www.royalroad.com/fiction/48917/the-hero-without-a-past');
INSERT INTO `Bookkeeper`.`books` (`id_books`, `name`, `author`, `chapters`, `pages`, `rating`, `link`) VALUES (39, 'The Over-Break System', 'ScotchTy', 66, 384, 4.15, 'https://www.royalroad.com/fiction/49348/the-over-break-system');
INSERT INTO `Bookkeeper`.`books` (`id_books`, `name`, `author`, `chapters`, `pages`, `rating`, `link`) VALUES (40, 'Vainqueur the Dragon', 'Maxime J. Durand', 157, 1658, 4.72, 'https://www.royalroad.com/fiction/26534/vainqueur-the-dragon');
INSERT INTO `Bookkeeper`.`books` (`id_books`, `name`, `author`, `chapters`, `pages`, `rating`, `link`) VALUES (41, 'Leveling up the World', 'Lisa Eclaire', 367, 2531, 4.21, 'https://www.royalroad.com/fiction/39026/leveling-up-the-world');
INSERT INTO `Bookkeeper`.`books` (`id_books`, `name`, `author`, `chapters`, `pages`, `rating`, `link`) VALUES (42, 'The Hedge Wizard', 'Alex M', 79, 759, 4.68, 'https://www.royalroad.com/fiction/43181/the-hedge-wizard');
INSERT INTO `Bookkeeper`.`books` (`id_books`, `name`, `author`, `chapters`, `pages`, `rating`, `link`) VALUES (43, 'World Keeper', 'karami92', 746, 5980, 4.15, 'https://www.royalroad.com/fiction/7509/world-keeper');
INSERT INTO `Bookkeeper`.`books` (`id_books`, `name`, `author`, `chapters`, `pages`, `rating`, `link`) VALUES (44, 'System Change', 'SunriseCV', 143, 938, 4.42, 'https://www.royalroad.com/fiction/35372/system-change');
INSERT INTO `Bookkeeper`.`books` (`id_books`, `name`, `author`, `chapters`, `pages`, `rating`, `link`) VALUES (45, 'The Way Ahead', 'NorskDaedalus', 153, 1439, 4.38, 'https://www.royalroad.com/fiction/42202/the-way-ahead');
INSERT INTO `Bookkeeper`.`books` (`id_books`, `name`, `author`, `chapters`, `pages`, `rating`, `link`) VALUES (46, 'Vigor Mortis', 'Thundamoo', 121, 1501, 4.65, 'https://www.royalroad.com/fiction/40373/vigor-mortis');
INSERT INTO `Bookkeeper`.`books` (`id_books`, `name`, `author`, `chapters`, `pages`, `rating`, `link`) VALUES (47, 'Ave Xia Rem Y', 'Mat Haz', 173, 1609, 4.66, 'https://www.royalroad.com/fiction/15193/ave-xia-rem-y');
INSERT INTO `Bookkeeper`.`books` (`id_books`, `name`, `author`, `chapters`, `pages`, `rating`, `link`) VALUES (48, 'Only Villains Do That', 'Webbonomicon', 86, 1460, 4.56, 'https://www.royalroad.com/fiction/40182/only-villains-do-that');
INSERT INTO `Bookkeeper`.`books` (`id_books`, `name`, `author`, `chapters`, `pages`, `rating`, `link`) VALUES (49, 'Prophecy Approved Companion', 'Tevagah', 136, 1026, 4.73, 'https://www.royalroad.com/fiction/35549/prophecy-approved-companion');
INSERT INTO `Bookkeeper`.`books` (`id_books`, `name`, `author`, `chapters`, `pages`, `rating`, `link`) VALUES (50, 'A Journey of Black and Red', 'Mecanimus', 144, 2766, 4.75, 'https://www.royalroad.com/fiction/26675/a-journey-of-black-and-red');
INSERT INTO `Bookkeeper`.`books` (`id_books`, `name`, `author`, `chapters`, `pages`, `rating`, `link`) VALUES (51, 'The Reincarnation of Alysara', 'Comiak', 124, 1234, 4.46, 'https://www.royalroad.com/fiction/42521/the-reincarnation-of-alysara-progression-litrpg');
INSERT INTO `Bookkeeper`.`books` (`id_books`, `name`, `author`, `chapters`, `pages`, `rating`, `link`) VALUES (52, 'Realm of Monsters', 'Frostbird', 228, 1982, 4.45, 'https://www.royalroad.com/fiction/38240/realm-of-monsters');
INSERT INTO `Bookkeeper`.`books` (`id_books`, `name`, `author`, `chapters`, `pages`, `rating`, `link`) VALUES (53, 'The Calamity of a Reborn Witch', 'Vera Anne Wolfe', 242, 2178, 4.73, 'https://www.royalroad.com/fiction/32908/the-calamity-of-a-reborn-witch');
INSERT INTO `Bookkeeper`.`books` (`id_books`, `name`, `author`, `chapters`, `pages`, `rating`, `link`) VALUES (54, 'The Harvester', 'Ahra Manyu', 248, 1948, 4.37, 'https://www.royalroad.com/fiction/40295/the-harvester');
INSERT INTO `Bookkeeper`.`books` (`id_books`, `name`, `author`, `chapters`, `pages`, `rating`, `link`) VALUES (55, 'Steamforged Sorcery', 'Actus', 88, 496, 4.69, 'https://www.royalroad.com/fiction/46638/steamforged-sorcery-a-steampunk-litrpg');
INSERT INTO `Bookkeeper`.`books` (`id_books`, `name`, `author`, `chapters`, `pages`, `rating`, `link`) VALUES (56, 'The Iron Teeth: A Goblin\'s Tale', 'ClearMadness', 252, 2799, 4.65, 'https://www.royalroad.com/fiction/4293/the-iron-teeth-a-goblins-tale');
INSERT INTO `Bookkeeper`.`books` (`id_books`, `name`, `author`, `chapters`, `pages`, `rating`, `link`) VALUES (57, 'The Legion of Nothing', 'zoetewey', 1313, 4553, 4.58, 'https://www.royalroad.com/fiction/6455/the-legion-of-nothing');
INSERT INTO `Bookkeeper`.`books` (`id_books`, `name`, `author`, `chapters`, `pages`, `rating`, `link`) VALUES (58, 'Melody of Mana', 'Wandering Agent', 86, 710, 4.54, 'https://www.royalroad.com/fiction/43974/melody-of-mana');
INSERT INTO `Bookkeeper`.`books` (`id_books`, `name`, `author`, `chapters`, `pages`, `rating`, `link`) VALUES (59, 'After the End: Serenity', 'Lillene', 206, 1438, 4.18, 'https://www.royalroad.com/fiction/44593/after-the-end-serenity');
INSERT INTO `Bookkeeper`.`books` (`id_books`, `name`, `author`, `chapters`, `pages`, `rating`, `link`) VALUES (60, 'Master of the Loop', 'beddedOtaku', 104, 688, 4.17, 'https://www.royalroad.com/fiction/46407/master-of-the-loop');
INSERT INTO `Bookkeeper`.`books` (`id_books`, `name`, `author`, `chapters`, `pages`, `rating`, `link`) VALUES (61, 'Worth the Candle', 'Alexander Wales', 254, 6029, 4.50, 'https://www.royalroad.com/fiction/25137/worth-the-candle');
INSERT INTO `Bookkeeper`.`books` (`id_books`, `name`, `author`, `chapters`, `pages`, `rating`, `link`) VALUES (62, 'Elder Cultivator', 'Halosty', 235, 1734, 4.49, 'https://www.royalroad.com/fiction/42441/elder-cultivator');
INSERT INTO `Bookkeeper`.`books` (`id_books`, `name`, `author`, `chapters`, `pages`, `rating`, `link`) VALUES (63, 'Reborn as a DRAGON', 'Immortal_Simo', 122, 518, 4.24, 'https://www.royalroad.com/fiction/43517/reborn-as-a-dragon');
INSERT INTO `Bookkeeper`.`books` (`id_books`, `name`, `author`, `chapters`, `pages`, `rating`, `link`) VALUES (64, 'Castle Kingside', 'Gennon Asche', 116, 1398, 4.69, 'https://www.royalroad.com/fiction/43462/castle-kingside-rewrite');
INSERT INTO `Bookkeeper`.`books` (`id_books`, `name`, `author`, `chapters`, `pages`, `rating`, `link`) VALUES (65, 'The Daily Grind', 'argusthecat', 171, 4014, 4.49, 'https://www.royalroad.com/fiction/15925/the-daily-grind');
INSERT INTO `Bookkeeper`.`books` (`id_books`, `name`, `author`, `chapters`, `pages`, `rating`, `link`) VALUES (66, 'A Jaded Life', 'Tsaimath', 561, 3310, 4.32, 'https://www.royalroad.com/fiction/19459/a-jaded-life');
INSERT INTO `Bookkeeper`.`books` (`id_books`, `name`, `author`, `chapters`, `pages`, `rating`, `link`) VALUES (67, 'The Power of Ten, Book Three : The Human Race', 'RE Druin', 501, 3948, 4.75, 'https://www.royalroad.com/fiction/35487/the-power-of-ten-book-three-the-human-race');
INSERT INTO `Bookkeeper`.`books` (`id_books`, `name`, `author`, `chapters`, `pages`, `rating`, `link`) VALUES (68, 'The Calamitous Bob', 'Mecanimus', 54, 664, 4.76, 'https://www.royalroad.com/fiction/44132/the-calamitous-bob');
INSERT INTO `Bookkeeper`.`books` (`id_books`, `name`, `author`, `chapters`, `pages`, `rating`, `link`) VALUES (69, 'RE: Monarch', 'Eligos', 109, 1064, 4.70, 'https://www.royalroad.com/fiction/37951/re-monarch');
INSERT INTO `Bookkeeper`.`books` (`id_books`, `name`, `author`, `chapters`, `pages`, `rating`, `link`) VALUES (70, 'Inexorable Chaos', 'Cliff Hanger', 222, 2170, 4.42, 'https://www.royalroad.com/fiction/22546/inexorable-chaos');
INSERT INTO `Bookkeeper`.`books` (`id_books`, `name`, `author`, `chapters`, `pages`, `rating`, `link`) VALUES (71, 'Return of the Tower Conqueror', 'theReamedOne', 273, 1835, 4.30, 'https://www.royalroad.com/fiction/35212/return-of-the-tower-conqueror');
INSERT INTO `Bookkeeper`.`books` (`id_books`, `name`, `author`, `chapters`, `pages`, `rating`, `link`) VALUES (72, 'My Best Friend is an Eldritch Horror', 'Actus', 154, 866, 4.62, 'https://www.royalroad.com/fiction/44229/my-best-friend-is-an-eldritch-horror');
INSERT INTO `Bookkeeper`.`books` (`id_books`, `name`, `author`, `chapters`, `pages`, `rating`, `link`) VALUES (73, 'Virtuous Sons', 'Ya Boy', 81, 766, 4.75, 'https://www.royalroad.com/fiction/41330/virtuous-sons');
INSERT INTO `Bookkeeper`.`books` (`id_books`, `name`, `author`, `chapters`, `pages`, `rating`, `link`) VALUES (74, 'MAZE - The Endless Quest', 'Perizou', 368, 2977, 4.23, 'https://www.royalroad.com/fiction/30597/maze-the-endless-quest');
INSERT INTO `Bookkeeper`.`books` (`id_books`, `name`, `author`, `chapters`, `pages`, `rating`, `link`) VALUES (75, 'Molting the Mortal Coil', 'JustinAnkar', 701, 3669, 4.10, 'https://www.royalroad.com/fiction/18225/molting-the-mortal-coil');
INSERT INTO `Bookkeeper`.`books` (`id_books`, `name`, `author`, `chapters`, `pages`, `rating`, `link`) VALUES (76, 'This Used to be About Dungeons', 'Alexander Wales', 64, 1118, 4.69, 'https://www.royalroad.com/fiction/45534/this-used-to-be-about-dungeons');
INSERT INTO `Bookkeeper`.`books` (`id_books`, `name`, `author`, `chapters`, `pages`, `rating`, `link`) VALUES (77, '12 Miles Below', 'Mark Arrows', 84, 979, 4.74, 'https://www.royalroad.com/fiction/42367/12-miles-below');
INSERT INTO `Bookkeeper`.`books` (`id_books`, `name`, `author`, `chapters`, `pages`, `rating`, `link`) VALUES (78, 'The Law of Averages', 'mcswazey', 221, 1663, 4.59, 'https://www.royalroad.com/fiction/20101/the-law-of-averages');
INSERT INTO `Bookkeeper`.`books` (`id_books`, `name`, `author`, `chapters`, `pages`, `rating`, `link`) VALUES (79, 'Into the Black', 'Mirikon', 379, 2695, 4.27, 'https://www.royalroad.com/fiction/11295/into-the-black');
INSERT INTO `Bookkeeper`.`books` (`id_books`, `name`, `author`, `chapters`, `pages`, `rating`, `link`) VALUES (80, 'Etherial Adventurer', 'AgalaxySama', 114, 1276, 4.08, 'https://www.royalroad.com/fiction/48157/etherial-adventurer-adventure-litrpg');
INSERT INTO `Bookkeeper`.`books` (`id_books`, `name`, `author`, `chapters`, `pages`, `rating`, `link`) VALUES (81, 'Kairos', 'Maxime J. Durand', 90, 1395, 4.71, 'https://www.royalroad.com/fiction/41033/kairos-a-greek-myth-litrpg');
INSERT INTO `Bookkeeper`.`books` (`id_books`, `name`, `author`, `chapters`, `pages`, `rating`, `link`) VALUES (82, 'At The Precipice', 'R. R. Quan', 45, 440, 4.41, 'https://www.royalroad.com/fiction/49031/at-the-precipice-a-survival-litrpg');
INSERT INTO `Bookkeeper`.`books` (`id_books`, `name`, `author`, `chapters`, `pages`, `rating`, `link`) VALUES (83, 'A Dragon Idol\'s Reincarnation Tale', 'AbyssRaven', 285, 4798, 4.29, 'https://www.royalroad.com/fiction/29425/a-dragon-idols-reincarnation-tale');
INSERT INTO `Bookkeeper`.`books` (`id_books`, `name`, `author`, `chapters`, `pages`, `rating`, `link`) VALUES (84, 'Blood Shaper', 'WillPowah', 89, 661, 4.38, 'https://www.royalroad.com/fiction/44887/blood-shaper');
INSERT INTO `Bookkeeper`.`books` (`id_books`, `name`, `author`, `chapters`, `pages`, `rating`, `link`) VALUES (85, 'Vaudevillain', 'tetran', 286, 1886, 4.59, 'https://www.royalroad.com/fiction/32983/vaudevillain');
INSERT INTO `Bookkeeper`.`books` (`id_books`, `name`, `author`, `chapters`, `pages`, `rating`, `link`) VALUES (86, 'Heart of Dorkness', 'RavensDagger', 98, 792, 4.70, 'https://www.royalroad.com/fiction/44541/heart-of-dorkness');
INSERT INTO `Bookkeeper`.`books` (`id_books`, `name`, `author`, `chapters`, `pages`, `rating`, `link`) VALUES (87, 'Nameless Sovereign', 'Nameless Author', 258, 1902, 4.38, 'https://www.royalroad.com/fiction/42644/nameless-sovereign');
INSERT INTO `Bookkeeper`.`books` (`id_books`, `name`, `author`, `chapters`, `pages`, `rating`, `link`) VALUES (88, 'Book Of The Dead', 'RinoZ', 26, 303, 4.70, 'https://www.royalroad.com/fiction/47038/book-of-the-dead');
INSERT INTO `Bookkeeper`.`books` (`id_books`, `name`, `author`, `chapters`, `pages`, `rating`, `link`) VALUES (89, 'Underland', 'Maxime J. Durand', 26, 403, 4.79, 'https://www.royalroad.com/fiction/47557/underland');
INSERT INTO `Bookkeeper`.`books` (`id_books`, `name`, `author`, `chapters`, `pages`, `rating`, `link`) VALUES (90, 'Falling with Folded Wings', 'PlumParrot', 40, 325, 4.65, 'https://www.royalroad.com/fiction/49163/falling-with-folded-wings');
INSERT INTO `Bookkeeper`.`books` (`id_books`, `name`, `author`, `chapters`, `pages`, `rating`, `link`) VALUES (91, 'Enduring Good', 'powered_by_coffee', 48, 393, 4.51, 'https://www.royalroad.com/fiction/46709/enduring-good-the-rationalists-guide-to-cultivation');
INSERT INTO `Bookkeeper`.`books` (`id_books`, `name`, `author`, `chapters`, `pages`, `rating`, `link`) VALUES (92, 'The House Witch', 'Delemhach', 143, 1426, 4.63, 'https://www.royalroad.com/fiction/32747/the-house-witch');
INSERT INTO `Bookkeeper`.`books` (`id_books`, `name`, `author`, `chapters`, `pages`, `rating`, `link`) VALUES (93, 'Reborn From the Cosmos', 'Azazel_E', 143, 861, 4.60, 'https://www.scribblehub.com/series/311259/reborn-from-the-cosmos/');
INSERT INTO `Bookkeeper`.`books` (`id_books`, `name`, `author`, `chapters`, `pages`, `rating`, `link`) VALUES (94, 'Returning Transcendent Opnes an Idol Agency', 'HappyVainGlory', 267, 2006, 4.80, 'https://www.scribblehub.com/series/221239/returning-transcendent-opens-an-idol-agency/');

COMMIT;


-- -----------------------------------------------------
-- Data for table `Bookkeeper`.`tags`
-- -----------------------------------------------------
START TRANSACTION;
USE `Bookkeeper`;
INSERT INTO `Bookkeeper`.`tags` (`id_tags`, `name`) VALUES (1, 'action');
INSERT INTO `Bookkeeper`.`tags` (`id_tags`, `name`) VALUES (2, 'adventure');
INSERT INTO `Bookkeeper`.`tags` (`id_tags`, `name`) VALUES (3, 'comedy');
INSERT INTO `Bookkeeper`.`tags` (`id_tags`, `name`) VALUES (4, 'contemporary');
INSERT INTO `Bookkeeper`.`tags` (`id_tags`, `name`) VALUES (5, 'drama');
INSERT INTO `Bookkeeper`.`tags` (`id_tags`, `name`) VALUES (6, 'fantasy');
INSERT INTO `Bookkeeper`.`tags` (`id_tags`, `name`) VALUES (7, 'historical');
INSERT INTO `Bookkeeper`.`tags` (`id_tags`, `name`) VALUES (8, 'horror');
INSERT INTO `Bookkeeper`.`tags` (`id_tags`, `name`) VALUES (9, 'mystery');
INSERT INTO `Bookkeeper`.`tags` (`id_tags`, `name`) VALUES (10, 'psychological');
INSERT INTO `Bookkeeper`.`tags` (`id_tags`, `name`) VALUES (11, 'romance');
INSERT INTO `Bookkeeper`.`tags` (`id_tags`, `name`) VALUES (12, 'satire');
INSERT INTO `Bookkeeper`.`tags` (`id_tags`, `name`) VALUES (13, 'sci-fi');
INSERT INTO `Bookkeeper`.`tags` (`id_tags`, `name`) VALUES (14, 'short story');
INSERT INTO `Bookkeeper`.`tags` (`id_tags`, `name`) VALUES (15, 'tragedy');
INSERT INTO `Bookkeeper`.`tags` (`id_tags`, `name`) VALUES (16, 'anti-hero lead');
INSERT INTO `Bookkeeper`.`tags` (`id_tags`, `name`) VALUES (17, 'artificial intelligence');
INSERT INTO `Bookkeeper`.`tags` (`id_tags`, `name`) VALUES (18, 'attractive mc');
INSERT INTO `Bookkeeper`.`tags` (`id_tags`, `name`) VALUES (19, 'cyberpunk');
INSERT INTO `Bookkeeper`.`tags` (`id_tags`, `name`) VALUES (20, 'dungeon');
INSERT INTO `Bookkeeper`.`tags` (`id_tags`, `name`) VALUES (21, 'dystopia');
INSERT INTO `Bookkeeper`.`tags` (`id_tags`, `name`) VALUES (22, 'female lead');
INSERT INTO `Bookkeeper`.`tags` (`id_tags`, `name`) VALUES (23, 'first contact');
INSERT INTO `Bookkeeper`.`tags` (`id_tags`, `name`) VALUES (24, 'gamelit');
INSERT INTO `Bookkeeper`.`tags` (`id_tags`, `name`) VALUES (25, 'gender bender');
INSERT INTO `Bookkeeper`.`tags` (`id_tags`, `name`) VALUES (26, 'genetically engineered');
INSERT INTO `Bookkeeper`.`tags` (`id_tags`, `name`) VALUES (27, 'grimdark');
INSERT INTO `Bookkeeper`.`tags` (`id_tags`, `name`) VALUES (28, 'hard sci-fi');
INSERT INTO `Bookkeeper`.`tags` (`id_tags`, `name`) VALUES (29, 'harem');
INSERT INTO `Bookkeeper`.`tags` (`id_tags`, `name`) VALUES (30, 'high fantasy');
INSERT INTO `Bookkeeper`.`tags` (`id_tags`, `name`) VALUES (31, 'litrpg');
INSERT INTO `Bookkeeper`.`tags` (`id_tags`, `name`) VALUES (32, 'loop');
INSERT INTO `Bookkeeper`.`tags` (`id_tags`, `name`) VALUES (33, 'low fantasy');
INSERT INTO `Bookkeeper`.`tags` (`id_tags`, `name`) VALUES (34, 'magic');
INSERT INTO `Bookkeeper`.`tags` (`id_tags`, `name`) VALUES (35, 'male lead');
INSERT INTO `Bookkeeper`.`tags` (`id_tags`, `name`) VALUES (36, 'martial arts');
INSERT INTO `Bookkeeper`.`tags` (`id_tags`, `name`) VALUES (37, 'multiple lead characters');
INSERT INTO `Bookkeeper`.`tags` (`id_tags`, `name`) VALUES (38, 'mythos');
INSERT INTO `Bookkeeper`.`tags` (`id_tags`, `name`) VALUES (39, 'non-human lead');
INSERT INTO `Bookkeeper`.`tags` (`id_tags`, `name`) VALUES (40, 'portal fantasy');
INSERT INTO `Bookkeeper`.`tags` (`id_tags`, `name`) VALUES (41, 'post apocalyptic');
INSERT INTO `Bookkeeper`.`tags` (`id_tags`, `name`) VALUES (42, 'progression');
INSERT INTO `Bookkeeper`.`tags` (`id_tags`, `name`) VALUES (43, 'reader interactive');
INSERT INTO `Bookkeeper`.`tags` (`id_tags`, `name`) VALUES (44, 'reincarnation');
INSERT INTO `Bookkeeper`.`tags` (`id_tags`, `name`) VALUES (45, 'ruling class');
INSERT INTO `Bookkeeper`.`tags` (`id_tags`, `name`) VALUES (46, 'school life');
INSERT INTO `Bookkeeper`.`tags` (`id_tags`, `name`) VALUES (47, 'secret identity');
INSERT INTO `Bookkeeper`.`tags` (`id_tags`, `name`) VALUES (48, 'slice of life');
INSERT INTO `Bookkeeper`.`tags` (`id_tags`, `name`) VALUES (49, 'soft sci-fi');
INSERT INTO `Bookkeeper`.`tags` (`id_tags`, `name`) VALUES (50, 'space opera');
INSERT INTO `Bookkeeper`.`tags` (`id_tags`, `name`) VALUES (51, 'sports');
INSERT INTO `Bookkeeper`.`tags` (`id_tags`, `name`) VALUES (52, 'steampunk');
INSERT INTO `Bookkeeper`.`tags` (`id_tags`, `name`) VALUES (53, 'strategy');
INSERT INTO `Bookkeeper`.`tags` (`id_tags`, `name`) VALUES (54, 'strong lead');
INSERT INTO `Bookkeeper`.`tags` (`id_tags`, `name`) VALUES (55, 'super heroes');
INSERT INTO `Bookkeeper`.`tags` (`id_tags`, `name`) VALUES (56, 'supernatural');
INSERT INTO `Bookkeeper`.`tags` (`id_tags`, `name`) VALUES (57, 'technologically engineered');
INSERT INTO `Bookkeeper`.`tags` (`id_tags`, `name`) VALUES (58, 'time travel');
INSERT INTO `Bookkeeper`.`tags` (`id_tags`, `name`) VALUES (59, 'urban fantasy');
INSERT INTO `Bookkeeper`.`tags` (`id_tags`, `name`) VALUES (60, 'villainous lead');
INSERT INTO `Bookkeeper`.`tags` (`id_tags`, `name`) VALUES (61, 'virtual reality');
INSERT INTO `Bookkeeper`.`tags` (`id_tags`, `name`) VALUES (62, 'war and millitary');
INSERT INTO `Bookkeeper`.`tags` (`id_tags`, `name`) VALUES (63, 'wuxia');
INSERT INTO `Bookkeeper`.`tags` (`id_tags`, `name`) VALUES (64, 'xianxia');

COMMIT;


-- -----------------------------------------------------
-- Data for table `Bookkeeper`.`book_tags`
-- -----------------------------------------------------
START TRANSACTION;
USE `Bookkeeper`;
INSERT INTO `Bookkeeper`.`book_tags` (`fk_book_id`, `fk_tag_id`) VALUES (1, 1);
INSERT INTO `Bookkeeper`.`book_tags` (`fk_book_id`, `fk_tag_id`) VALUES (1, 2);
INSERT INTO `Bookkeeper`.`book_tags` (`fk_book_id`, `fk_tag_id`) VALUES (1, 6);
INSERT INTO `Bookkeeper`.`book_tags` (`fk_book_id`, `fk_tag_id`) VALUES (1, 22);
INSERT INTO `Bookkeeper`.`book_tags` (`fk_book_id`, `fk_tag_id`) VALUES (1, 31);
INSERT INTO `Bookkeeper`.`book_tags` (`fk_book_id`, `fk_tag_id`) VALUES (1, 34);
INSERT INTO `Bookkeeper`.`book_tags` (`fk_book_id`, `fk_tag_id`) VALUES (2, 1);
INSERT INTO `Bookkeeper`.`book_tags` (`fk_book_id`, `fk_tag_id`) VALUES (2, 6);
INSERT INTO `Bookkeeper`.`book_tags` (`fk_book_id`, `fk_tag_id`) VALUES (2, 10);
INSERT INTO `Bookkeeper`.`book_tags` (`fk_book_id`, `fk_tag_id`) VALUES (2, 18);
INSERT INTO `Bookkeeper`.`book_tags` (`fk_book_id`, `fk_tag_id`) VALUES (2, 24);
INSERT INTO `Bookkeeper`.`book_tags` (`fk_book_id`, `fk_tag_id`) VALUES (2, 30);
INSERT INTO `Bookkeeper`.`book_tags` (`fk_book_id`, `fk_tag_id`) VALUES (2, 31);
INSERT INTO `Bookkeeper`.`book_tags` (`fk_book_id`, `fk_tag_id`) VALUES (2, 34);
INSERT INTO `Bookkeeper`.`book_tags` (`fk_book_id`, `fk_tag_id`) VALUES (2, 35);
INSERT INTO `Bookkeeper`.`book_tags` (`fk_book_id`, `fk_tag_id`) VALUES (2, 38);
INSERT INTO `Bookkeeper`.`book_tags` (`fk_book_id`, `fk_tag_id`) VALUES (2, 42);
INSERT INTO `Bookkeeper`.`book_tags` (`fk_book_id`, `fk_tag_id`) VALUES (2, 45);
INSERT INTO `Bookkeeper`.`book_tags` (`fk_book_id`, `fk_tag_id`) VALUES (2, 54);
INSERT INTO `Bookkeeper`.`book_tags` (`fk_book_id`, `fk_tag_id`) VALUES (2, 56);
INSERT INTO `Bookkeeper`.`book_tags` (`fk_book_id`, `fk_tag_id`) VALUES (3, 2);
INSERT INTO `Bookkeeper`.`book_tags` (`fk_book_id`, `fk_tag_id`) VALUES (3, 3);
INSERT INTO `Bookkeeper`.`book_tags` (`fk_book_id`, `fk_tag_id`) VALUES (3, 6);
INSERT INTO `Bookkeeper`.`book_tags` (`fk_book_id`, `fk_tag_id`) VALUES (3, 31);
INSERT INTO `Bookkeeper`.`book_tags` (`fk_book_id`, `fk_tag_id`) VALUES (3, 34);
INSERT INTO `Bookkeeper`.`book_tags` (`fk_book_id`, `fk_tag_id`) VALUES (3, 39);
INSERT INTO `Bookkeeper`.`book_tags` (`fk_book_id`, `fk_tag_id`) VALUES (3, 44);
INSERT INTO `Bookkeeper`.`book_tags` (`fk_book_id`, `fk_tag_id`) VALUES (4, 1);
INSERT INTO `Bookkeeper`.`book_tags` (`fk_book_id`, `fk_tag_id`) VALUES (4, 2);
INSERT INTO `Bookkeeper`.`book_tags` (`fk_book_id`, `fk_tag_id`) VALUES (4, 6);
INSERT INTO `Bookkeeper`.`book_tags` (`fk_book_id`, `fk_tag_id`) VALUES (4, 30);
INSERT INTO `Bookkeeper`.`book_tags` (`fk_book_id`, `fk_tag_id`) VALUES (4, 31);
INSERT INTO `Bookkeeper`.`book_tags` (`fk_book_id`, `fk_tag_id`) VALUES (4, 34);
INSERT INTO `Bookkeeper`.`book_tags` (`fk_book_id`, `fk_tag_id`) VALUES (4, 35);
INSERT INTO `Bookkeeper`.`book_tags` (`fk_book_id`, `fk_tag_id`) VALUES (4, 40);
INSERT INTO `Bookkeeper`.`book_tags` (`fk_book_id`, `fk_tag_id`) VALUES (4, 54);
INSERT INTO `Bookkeeper`.`book_tags` (`fk_book_id`, `fk_tag_id`) VALUES (5, 1);
INSERT INTO `Bookkeeper`.`book_tags` (`fk_book_id`, `fk_tag_id`) VALUES (5, 2);
INSERT INTO `Bookkeeper`.`book_tags` (`fk_book_id`, `fk_tag_id`) VALUES (5, 3);
INSERT INTO `Bookkeeper`.`book_tags` (`fk_book_id`, `fk_tag_id`) VALUES (5, 6);
INSERT INTO `Bookkeeper`.`book_tags` (`fk_book_id`, `fk_tag_id`) VALUES (5, 24);
INSERT INTO `Bookkeeper`.`book_tags` (`fk_book_id`, `fk_tag_id`) VALUES (5, 30);
INSERT INTO `Bookkeeper`.`book_tags` (`fk_book_id`, `fk_tag_id`) VALUES (5, 34);
INSERT INTO `Bookkeeper`.`book_tags` (`fk_book_id`, `fk_tag_id`) VALUES (5, 35);
INSERT INTO `Bookkeeper`.`book_tags` (`fk_book_id`, `fk_tag_id`) VALUES (5, 42);
INSERT INTO `Bookkeeper`.`book_tags` (`fk_book_id`, `fk_tag_id`) VALUES (5, 46);
INSERT INTO `Bookkeeper`.`book_tags` (`fk_book_id`, `fk_tag_id`) VALUES (5, 53);
INSERT INTO `Bookkeeper`.`book_tags` (`fk_book_id`, `fk_tag_id`) VALUES (6, 1);
INSERT INTO `Bookkeeper`.`book_tags` (`fk_book_id`, `fk_tag_id`) VALUES (6, 2);
INSERT INTO `Bookkeeper`.`book_tags` (`fk_book_id`, `fk_tag_id`) VALUES (6, 6);
INSERT INTO `Bookkeeper`.`book_tags` (`fk_book_id`, `fk_tag_id`) VALUES (6, 22);
INSERT INTO `Bookkeeper`.`book_tags` (`fk_book_id`, `fk_tag_id`) VALUES (6, 24);
INSERT INTO `Bookkeeper`.`book_tags` (`fk_book_id`, `fk_tag_id`) VALUES (6, 30);
INSERT INTO `Bookkeeper`.`book_tags` (`fk_book_id`, `fk_tag_id`) VALUES (6, 31);
INSERT INTO `Bookkeeper`.`book_tags` (`fk_book_id`, `fk_tag_id`) VALUES (6, 34);
INSERT INTO `Bookkeeper`.`book_tags` (`fk_book_id`, `fk_tag_id`) VALUES (6, 39);
INSERT INTO `Bookkeeper`.`book_tags` (`fk_book_id`, `fk_tag_id`) VALUES (6, 40);
INSERT INTO `Bookkeeper`.`book_tags` (`fk_book_id`, `fk_tag_id`) VALUES (6, 42);
INSERT INTO `Bookkeeper`.`book_tags` (`fk_book_id`, `fk_tag_id`) VALUES (6, 54);
INSERT INTO `Bookkeeper`.`book_tags` (`fk_book_id`, `fk_tag_id`) VALUES (7, 1);
INSERT INTO `Bookkeeper`.`book_tags` (`fk_book_id`, `fk_tag_id`) VALUES (7, 2);
INSERT INTO `Bookkeeper`.`book_tags` (`fk_book_id`, `fk_tag_id`) VALUES (7, 6);
INSERT INTO `Bookkeeper`.`book_tags` (`fk_book_id`, `fk_tag_id`) VALUES (7, 22);
INSERT INTO `Bookkeeper`.`book_tags` (`fk_book_id`, `fk_tag_id`) VALUES (7, 30);
INSERT INTO `Bookkeeper`.`book_tags` (`fk_book_id`, `fk_tag_id`) VALUES (7, 31);
INSERT INTO `Bookkeeper`.`book_tags` (`fk_book_id`, `fk_tag_id`) VALUES (7, 34);
INSERT INTO `Bookkeeper`.`book_tags` (`fk_book_id`, `fk_tag_id`) VALUES (7, 40);
INSERT INTO `Bookkeeper`.`book_tags` (`fk_book_id`, `fk_tag_id`) VALUES (7, 42);
INSERT INTO `Bookkeeper`.`book_tags` (`fk_book_id`, `fk_tag_id`) VALUES (7, 44);
INSERT INTO `Bookkeeper`.`book_tags` (`fk_book_id`, `fk_tag_id`) VALUES (7, 54);
INSERT INTO `Bookkeeper`.`book_tags` (`fk_book_id`, `fk_tag_id`) VALUES (7, 56);
INSERT INTO `Bookkeeper`.`book_tags` (`fk_book_id`, `fk_tag_id`) VALUES (8, 1);
INSERT INTO `Bookkeeper`.`book_tags` (`fk_book_id`, `fk_tag_id`) VALUES (8, 2);
INSERT INTO `Bookkeeper`.`book_tags` (`fk_book_id`, `fk_tag_id`) VALUES (8, 6);
INSERT INTO `Bookkeeper`.`book_tags` (`fk_book_id`, `fk_tag_id`) VALUES (8, 20);
INSERT INTO `Bookkeeper`.`book_tags` (`fk_book_id`, `fk_tag_id`) VALUES (8, 31);
INSERT INTO `Bookkeeper`.`book_tags` (`fk_book_id`, `fk_tag_id`) VALUES (8, 34);
INSERT INTO `Bookkeeper`.`book_tags` (`fk_book_id`, `fk_tag_id`) VALUES (8, 39);
INSERT INTO `Bookkeeper`.`book_tags` (`fk_book_id`, `fk_tag_id`) VALUES (9, 1);
INSERT INTO `Bookkeeper`.`book_tags` (`fk_book_id`, `fk_tag_id`) VALUES (9, 2);
INSERT INTO `Bookkeeper`.`book_tags` (`fk_book_id`, `fk_tag_id`) VALUES (9, 5);
INSERT INTO `Bookkeeper`.`book_tags` (`fk_book_id`, `fk_tag_id`) VALUES (9, 18);
INSERT INTO `Bookkeeper`.`book_tags` (`fk_book_id`, `fk_tag_id`) VALUES (9, 21);
INSERT INTO `Bookkeeper`.`book_tags` (`fk_book_id`, `fk_tag_id`) VALUES (9, 21);
INSERT INTO `Bookkeeper`.`book_tags` (`fk_book_id`, `fk_tag_id`) VALUES (9, 24);
INSERT INTO `Bookkeeper`.`book_tags` (`fk_book_id`, `fk_tag_id`) VALUES (9, 30);
INSERT INTO `Bookkeeper`.`book_tags` (`fk_book_id`, `fk_tag_id`) VALUES (9, 31);
INSERT INTO `Bookkeeper`.`book_tags` (`fk_book_id`, `fk_tag_id`) VALUES (9, 35);
INSERT INTO `Bookkeeper`.`book_tags` (`fk_book_id`, `fk_tag_id`) VALUES (9, 36);
INSERT INTO `Bookkeeper`.`book_tags` (`fk_book_id`, `fk_tag_id`) VALUES (9, 40);
INSERT INTO `Bookkeeper`.`book_tags` (`fk_book_id`, `fk_tag_id`) VALUES (9, 42);
INSERT INTO `Bookkeeper`.`book_tags` (`fk_book_id`, `fk_tag_id`) VALUES (9, 44);
INSERT INTO `Bookkeeper`.`book_tags` (`fk_book_id`, `fk_tag_id`) VALUES (9, 54);
INSERT INTO `Bookkeeper`.`book_tags` (`fk_book_id`, `fk_tag_id`) VALUES (9, 64);
INSERT INTO `Bookkeeper`.`book_tags` (`fk_book_id`, `fk_tag_id`) VALUES (10, 2);
INSERT INTO `Bookkeeper`.`book_tags` (`fk_book_id`, `fk_tag_id`) VALUES (10, 6);
INSERT INTO `Bookkeeper`.`book_tags` (`fk_book_id`, `fk_tag_id`) VALUES (10, 9);
INSERT INTO `Bookkeeper`.`book_tags` (`fk_book_id`, `fk_tag_id`) VALUES (10, 34);
INSERT INTO `Bookkeeper`.`book_tags` (`fk_book_id`, `fk_tag_id`) VALUES (11, 2);
INSERT INTO `Bookkeeper`.`book_tags` (`fk_book_id`, `fk_tag_id`) VALUES (11, 3);
INSERT INTO `Bookkeeper`.`book_tags` (`fk_book_id`, `fk_tag_id`) VALUES (11, 6);
INSERT INTO `Bookkeeper`.`book_tags` (`fk_book_id`, `fk_tag_id`) VALUES (11, 12);
INSERT INTO `Bookkeeper`.`book_tags` (`fk_book_id`, `fk_tag_id`) VALUES (11, 18);
INSERT INTO `Bookkeeper`.`book_tags` (`fk_book_id`, `fk_tag_id`) VALUES (11, 29);
INSERT INTO `Bookkeeper`.`book_tags` (`fk_book_id`, `fk_tag_id`) VALUES (11, 31);
INSERT INTO `Bookkeeper`.`book_tags` (`fk_book_id`, `fk_tag_id`) VALUES (11, 34);
INSERT INTO `Bookkeeper`.`book_tags` (`fk_book_id`, `fk_tag_id`) VALUES (11, 39);
INSERT INTO `Bookkeeper`.`book_tags` (`fk_book_id`, `fk_tag_id`) VALUES (11, 47);
INSERT INTO `Bookkeeper`.`book_tags` (`fk_book_id`, `fk_tag_id`) VALUES (12, 1);
INSERT INTO `Bookkeeper`.`book_tags` (`fk_book_id`, `fk_tag_id`) VALUES (12, 2);
INSERT INTO `Bookkeeper`.`book_tags` (`fk_book_id`, `fk_tag_id`) VALUES (12, 4);
INSERT INTO `Bookkeeper`.`book_tags` (`fk_book_id`, `fk_tag_id`) VALUES (12, 6);
INSERT INTO `Bookkeeper`.`book_tags` (`fk_book_id`, `fk_tag_id`) VALUES (12, 22);
INSERT INTO `Bookkeeper`.`book_tags` (`fk_book_id`, `fk_tag_id`) VALUES (12, 34);
INSERT INTO `Bookkeeper`.`book_tags` (`fk_book_id`, `fk_tag_id`) VALUES (12, 44);
INSERT INTO `Bookkeeper`.`book_tags` (`fk_book_id`, `fk_tag_id`) VALUES (12, 48);
INSERT INTO `Bookkeeper`.`book_tags` (`fk_book_id`, `fk_tag_id`) VALUES (12, 54);
INSERT INTO `Bookkeeper`.`book_tags` (`fk_book_id`, `fk_tag_id`) VALUES (13, 1);
INSERT INTO `Bookkeeper`.`book_tags` (`fk_book_id`, `fk_tag_id`) VALUES (13, 2);
INSERT INTO `Bookkeeper`.`book_tags` (`fk_book_id`, `fk_tag_id`) VALUES (13, 6);
INSERT INTO `Bookkeeper`.`book_tags` (`fk_book_id`, `fk_tag_id`) VALUES (13, 31);
INSERT INTO `Bookkeeper`.`book_tags` (`fk_book_id`, `fk_tag_id`) VALUES (13, 34);
INSERT INTO `Bookkeeper`.`book_tags` (`fk_book_id`, `fk_tag_id`) VALUES (13, 35);
INSERT INTO `Bookkeeper`.`book_tags` (`fk_book_id`, `fk_tag_id`) VALUES (13, 44);
INSERT INTO `Bookkeeper`.`book_tags` (`fk_book_id`, `fk_tag_id`) VALUES (14, 1);
INSERT INTO `Bookkeeper`.`book_tags` (`fk_book_id`, `fk_tag_id`) VALUES (14, 2);
INSERT INTO `Bookkeeper`.`book_tags` (`fk_book_id`, `fk_tag_id`) VALUES (14, 5);
INSERT INTO `Bookkeeper`.`book_tags` (`fk_book_id`, `fk_tag_id`) VALUES (14, 6);
INSERT INTO `Bookkeeper`.`book_tags` (`fk_book_id`, `fk_tag_id`) VALUES (14, 18);
INSERT INTO `Bookkeeper`.`book_tags` (`fk_book_id`, `fk_tag_id`) VALUES (14, 22);
INSERT INTO `Bookkeeper`.`book_tags` (`fk_book_id`, `fk_tag_id`) VALUES (14, 23);
INSERT INTO `Bookkeeper`.`book_tags` (`fk_book_id`, `fk_tag_id`) VALUES (14, 24);
INSERT INTO `Bookkeeper`.`book_tags` (`fk_book_id`, `fk_tag_id`) VALUES (14, 30);
INSERT INTO `Bookkeeper`.`book_tags` (`fk_book_id`, `fk_tag_id`) VALUES (14, 34);
INSERT INTO `Bookkeeper`.`book_tags` (`fk_book_id`, `fk_tag_id`) VALUES (14, 35);
INSERT INTO `Bookkeeper`.`book_tags` (`fk_book_id`, `fk_tag_id`) VALUES (14, 37);
INSERT INTO `Bookkeeper`.`book_tags` (`fk_book_id`, `fk_tag_id`) VALUES (14, 39);
INSERT INTO `Bookkeeper`.`book_tags` (`fk_book_id`, `fk_tag_id`) VALUES (14, 40);
INSERT INTO `Bookkeeper`.`book_tags` (`fk_book_id`, `fk_tag_id`) VALUES (14, 42);
INSERT INTO `Bookkeeper`.`book_tags` (`fk_book_id`, `fk_tag_id`) VALUES (14, 45);
INSERT INTO `Bookkeeper`.`book_tags` (`fk_book_id`, `fk_tag_id`) VALUES (14, 48);
INSERT INTO `Bookkeeper`.`book_tags` (`fk_book_id`, `fk_tag_id`) VALUES (14, 53);
INSERT INTO `Bookkeeper`.`book_tags` (`fk_book_id`, `fk_tag_id`) VALUES (14, 54);
INSERT INTO `Bookkeeper`.`book_tags` (`fk_book_id`, `fk_tag_id`) VALUES (15, 1);
INSERT INTO `Bookkeeper`.`book_tags` (`fk_book_id`, `fk_tag_id`) VALUES (15, 2);
INSERT INTO `Bookkeeper`.`book_tags` (`fk_book_id`, `fk_tag_id`) VALUES (15, 6);
INSERT INTO `Bookkeeper`.`book_tags` (`fk_book_id`, `fk_tag_id`) VALUES (15, 20);
INSERT INTO `Bookkeeper`.`book_tags` (`fk_book_id`, `fk_tag_id`) VALUES (15, 24);
INSERT INTO `Bookkeeper`.`book_tags` (`fk_book_id`, `fk_tag_id`) VALUES (15, 30);
INSERT INTO `Bookkeeper`.`book_tags` (`fk_book_id`, `fk_tag_id`) VALUES (15, 31);
INSERT INTO `Bookkeeper`.`book_tags` (`fk_book_id`, `fk_tag_id`) VALUES (15, 34);
INSERT INTO `Bookkeeper`.`book_tags` (`fk_book_id`, `fk_tag_id`) VALUES (15, 35);
INSERT INTO `Bookkeeper`.`book_tags` (`fk_book_id`, `fk_tag_id`) VALUES (15, 38);
INSERT INTO `Bookkeeper`.`book_tags` (`fk_book_id`, `fk_tag_id`) VALUES (15, 40);
INSERT INTO `Bookkeeper`.`book_tags` (`fk_book_id`, `fk_tag_id`) VALUES (15, 45);
INSERT INTO `Bookkeeper`.`book_tags` (`fk_book_id`, `fk_tag_id`) VALUES (15, 48);
INSERT INTO `Bookkeeper`.`book_tags` (`fk_book_id`, `fk_tag_id`) VALUES (16, 1);
INSERT INTO `Bookkeeper`.`book_tags` (`fk_book_id`, `fk_tag_id`) VALUES (16, 2);
INSERT INTO `Bookkeeper`.`book_tags` (`fk_book_id`, `fk_tag_id`) VALUES (16, 6);
INSERT INTO `Bookkeeper`.`book_tags` (`fk_book_id`, `fk_tag_id`) VALUES (16, 18);
INSERT INTO `Bookkeeper`.`book_tags` (`fk_book_id`, `fk_tag_id`) VALUES (16, 24);
INSERT INTO `Bookkeeper`.`book_tags` (`fk_book_id`, `fk_tag_id`) VALUES (16, 34);
INSERT INTO `Bookkeeper`.`book_tags` (`fk_book_id`, `fk_tag_id`) VALUES (16, 39);
INSERT INTO `Bookkeeper`.`book_tags` (`fk_book_id`, `fk_tag_id`) VALUES (16, 40);
INSERT INTO `Bookkeeper`.`book_tags` (`fk_book_id`, `fk_tag_id`) VALUES (16, 44);
INSERT INTO `Bookkeeper`.`book_tags` (`fk_book_id`, `fk_tag_id`) VALUES (16, 45);
INSERT INTO `Bookkeeper`.`book_tags` (`fk_book_id`, `fk_tag_id`) VALUES (16, 54);
INSERT INTO `Bookkeeper`.`book_tags` (`fk_book_id`, `fk_tag_id`) VALUES (17, 1);
INSERT INTO `Bookkeeper`.`book_tags` (`fk_book_id`, `fk_tag_id`) VALUES (17, 2);
INSERT INTO `Bookkeeper`.`book_tags` (`fk_book_id`, `fk_tag_id`) VALUES (17, 13);
INSERT INTO `Bookkeeper`.`book_tags` (`fk_book_id`, `fk_tag_id`) VALUES (17, 18);
INSERT INTO `Bookkeeper`.`book_tags` (`fk_book_id`, `fk_tag_id`) VALUES (17, 21);
INSERT INTO `Bookkeeper`.`book_tags` (`fk_book_id`, `fk_tag_id`) VALUES (17, 22);
INSERT INTO `Bookkeeper`.`book_tags` (`fk_book_id`, `fk_tag_id`) VALUES (17, 23);
INSERT INTO `Bookkeeper`.`book_tags` (`fk_book_id`, `fk_tag_id`) VALUES (17, 35);
INSERT INTO `Bookkeeper`.`book_tags` (`fk_book_id`, `fk_tag_id`) VALUES (17, 37);
INSERT INTO `Bookkeeper`.`book_tags` (`fk_book_id`, `fk_tag_id`) VALUES (17, 38);
INSERT INTO `Bookkeeper`.`book_tags` (`fk_book_id`, `fk_tag_id`) VALUES (17, 39);
INSERT INTO `Bookkeeper`.`book_tags` (`fk_book_id`, `fk_tag_id`) VALUES (17, 49);
INSERT INTO `Bookkeeper`.`book_tags` (`fk_book_id`, `fk_tag_id`) VALUES (17, 50);
INSERT INTO `Bookkeeper`.`book_tags` (`fk_book_id`, `fk_tag_id`) VALUES (17, 62);
INSERT INTO `Bookkeeper`.`book_tags` (`fk_book_id`, `fk_tag_id`) VALUES (18, 1);
INSERT INTO `Bookkeeper`.`book_tags` (`fk_book_id`, `fk_tag_id`) VALUES (18, 2);
INSERT INTO `Bookkeeper`.`book_tags` (`fk_book_id`, `fk_tag_id`) VALUES (18, 6);
INSERT INTO `Bookkeeper`.`book_tags` (`fk_book_id`, `fk_tag_id`) VALUES (18, 9);
INSERT INTO `Bookkeeper`.`book_tags` (`fk_book_id`, `fk_tag_id`) VALUES (18, 18);
INSERT INTO `Bookkeeper`.`book_tags` (`fk_book_id`, `fk_tag_id`) VALUES (18, 20);
INSERT INTO `Bookkeeper`.`book_tags` (`fk_book_id`, `fk_tag_id`) VALUES (18, 22);
INSERT INTO `Bookkeeper`.`book_tags` (`fk_book_id`, `fk_tag_id`) VALUES (18, 24);
INSERT INTO `Bookkeeper`.`book_tags` (`fk_book_id`, `fk_tag_id`) VALUES (18, 27);
INSERT INTO `Bookkeeper`.`book_tags` (`fk_book_id`, `fk_tag_id`) VALUES (18, 30);
INSERT INTO `Bookkeeper`.`book_tags` (`fk_book_id`, `fk_tag_id`) VALUES (18, 31);
INSERT INTO `Bookkeeper`.`book_tags` (`fk_book_id`, `fk_tag_id`) VALUES (18, 34);
INSERT INTO `Bookkeeper`.`book_tags` (`fk_book_id`, `fk_tag_id`) VALUES (18, 38);
INSERT INTO `Bookkeeper`.`book_tags` (`fk_book_id`, `fk_tag_id`) VALUES (18, 40);
INSERT INTO `Bookkeeper`.`book_tags` (`fk_book_id`, `fk_tag_id`) VALUES (18, 42);
INSERT INTO `Bookkeeper`.`book_tags` (`fk_book_id`, `fk_tag_id`) VALUES (18, 44);
INSERT INTO `Bookkeeper`.`book_tags` (`fk_book_id`, `fk_tag_id`) VALUES (18, 47);
INSERT INTO `Bookkeeper`.`book_tags` (`fk_book_id`, `fk_tag_id`) VALUES (18, 48);
INSERT INTO `Bookkeeper`.`book_tags` (`fk_book_id`, `fk_tag_id`) VALUES (18, 53);
INSERT INTO `Bookkeeper`.`book_tags` (`fk_book_id`, `fk_tag_id`) VALUES (18, 56);
INSERT INTO `Bookkeeper`.`book_tags` (`fk_book_id`, `fk_tag_id`) VALUES (19, 2);
INSERT INTO `Bookkeeper`.`book_tags` (`fk_book_id`, `fk_tag_id`) VALUES (19, 3);
INSERT INTO `Bookkeeper`.`book_tags` (`fk_book_id`, `fk_tag_id`) VALUES (19, 9);
INSERT INTO `Bookkeeper`.`book_tags` (`fk_book_id`, `fk_tag_id`) VALUES (19, 13);
INSERT INTO `Bookkeeper`.`book_tags` (`fk_book_id`, `fk_tag_id`) VALUES (19, 18);
INSERT INTO `Bookkeeper`.`book_tags` (`fk_book_id`, `fk_tag_id`) VALUES (19, 26);
INSERT INTO `Bookkeeper`.`book_tags` (`fk_book_id`, `fk_tag_id`) VALUES (19, 32);
INSERT INTO `Bookkeeper`.`book_tags` (`fk_book_id`, `fk_tag_id`) VALUES (19, 35);
INSERT INTO `Bookkeeper`.`book_tags` (`fk_book_id`, `fk_tag_id`) VALUES (19, 54);
INSERT INTO `Bookkeeper`.`book_tags` (`fk_book_id`, `fk_tag_id`) VALUES (19, 55);
INSERT INTO `Bookkeeper`.`book_tags` (`fk_book_id`, `fk_tag_id`) VALUES (19, 58);
INSERT INTO `Bookkeeper`.`book_tags` (`fk_book_id`, `fk_tag_id`) VALUES (20, 1);
INSERT INTO `Bookkeeper`.`book_tags` (`fk_book_id`, `fk_tag_id`) VALUES (20, 2);
INSERT INTO `Bookkeeper`.`book_tags` (`fk_book_id`, `fk_tag_id`) VALUES (20, 5);
INSERT INTO `Bookkeeper`.`book_tags` (`fk_book_id`, `fk_tag_id`) VALUES (20, 6);
INSERT INTO `Bookkeeper`.`book_tags` (`fk_book_id`, `fk_tag_id`) VALUES (20, 30);
INSERT INTO `Bookkeeper`.`book_tags` (`fk_book_id`, `fk_tag_id`) VALUES (20, 31);
INSERT INTO `Bookkeeper`.`book_tags` (`fk_book_id`, `fk_tag_id`) VALUES (20, 34);
INSERT INTO `Bookkeeper`.`book_tags` (`fk_book_id`, `fk_tag_id`) VALUES (20, 35);
INSERT INTO `Bookkeeper`.`book_tags` (`fk_book_id`, `fk_tag_id`) VALUES (20, 40);
INSERT INTO `Bookkeeper`.`book_tags` (`fk_book_id`, `fk_tag_id`) VALUES (20, 42);
INSERT INTO `Bookkeeper`.`book_tags` (`fk_book_id`, `fk_tag_id`) VALUES (20, 48);
INSERT INTO `Bookkeeper`.`book_tags` (`fk_book_id`, `fk_tag_id`) VALUES (20, 54);
INSERT INTO `Bookkeeper`.`book_tags` (`fk_book_id`, `fk_tag_id`) VALUES (21, 2);
INSERT INTO `Bookkeeper`.`book_tags` (`fk_book_id`, `fk_tag_id`) VALUES (21, 3);
INSERT INTO `Bookkeeper`.`book_tags` (`fk_book_id`, `fk_tag_id`) VALUES (21, 6);
INSERT INTO `Bookkeeper`.`book_tags` (`fk_book_id`, `fk_tag_id`) VALUES (21, 22);
INSERT INTO `Bookkeeper`.`book_tags` (`fk_book_id`, `fk_tag_id`) VALUES (21, 31);
INSERT INTO `Bookkeeper`.`book_tags` (`fk_book_id`, `fk_tag_id`) VALUES (21, 34);
INSERT INTO `Bookkeeper`.`book_tags` (`fk_book_id`, `fk_tag_id`) VALUES (22, 2);
INSERT INTO `Bookkeeper`.`book_tags` (`fk_book_id`, `fk_tag_id`) VALUES (22, 6);
INSERT INTO `Bookkeeper`.`book_tags` (`fk_book_id`, `fk_tag_id`) VALUES (22, 30);
INSERT INTO `Bookkeeper`.`book_tags` (`fk_book_id`, `fk_tag_id`) VALUES (22, 31);
INSERT INTO `Bookkeeper`.`book_tags` (`fk_book_id`, `fk_tag_id`) VALUES (22, 34);
INSERT INTO `Bookkeeper`.`book_tags` (`fk_book_id`, `fk_tag_id`) VALUES (22, 40);
INSERT INTO `Bookkeeper`.`book_tags` (`fk_book_id`, `fk_tag_id`) VALUES (22, 48);
INSERT INTO `Bookkeeper`.`book_tags` (`fk_book_id`, `fk_tag_id`) VALUES (23, 2);
INSERT INTO `Bookkeeper`.`book_tags` (`fk_book_id`, `fk_tag_id`) VALUES (23, 3);
INSERT INTO `Bookkeeper`.`book_tags` (`fk_book_id`, `fk_tag_id`) VALUES (23, 6);
INSERT INTO `Bookkeeper`.`book_tags` (`fk_book_id`, `fk_tag_id`) VALUES (23, 11);
INSERT INTO `Bookkeeper`.`book_tags` (`fk_book_id`, `fk_tag_id`) VALUES (23, 34);
INSERT INTO `Bookkeeper`.`book_tags` (`fk_book_id`, `fk_tag_id`) VALUES (23, 37);
INSERT INTO `Bookkeeper`.`book_tags` (`fk_book_id`, `fk_tag_id`) VALUES (23, 54);
INSERT INTO `Bookkeeper`.`book_tags` (`fk_book_id`, `fk_tag_id`) VALUES (24, 1);
INSERT INTO `Bookkeeper`.`book_tags` (`fk_book_id`, `fk_tag_id`) VALUES (24, 2);
INSERT INTO `Bookkeeper`.`book_tags` (`fk_book_id`, `fk_tag_id`) VALUES (24, 6);
INSERT INTO `Bookkeeper`.`book_tags` (`fk_book_id`, `fk_tag_id`) VALUES (24, 20);
INSERT INTO `Bookkeeper`.`book_tags` (`fk_book_id`, `fk_tag_id`) VALUES (24, 30);
INSERT INTO `Bookkeeper`.`book_tags` (`fk_book_id`, `fk_tag_id`) VALUES (24, 31);
INSERT INTO `Bookkeeper`.`book_tags` (`fk_book_id`, `fk_tag_id`) VALUES (24, 33);
INSERT INTO `Bookkeeper`.`book_tags` (`fk_book_id`, `fk_tag_id`) VALUES (24, 34);
INSERT INTO `Bookkeeper`.`book_tags` (`fk_book_id`, `fk_tag_id`) VALUES (24, 40);
INSERT INTO `Bookkeeper`.`book_tags` (`fk_book_id`, `fk_tag_id`) VALUES (24, 41);
INSERT INTO `Bookkeeper`.`book_tags` (`fk_book_id`, `fk_tag_id`) VALUES (24, 42);
INSERT INTO `Bookkeeper`.`book_tags` (`fk_book_id`, `fk_tag_id`) VALUES (24, 56);
INSERT INTO `Bookkeeper`.`book_tags` (`fk_book_id`, `fk_tag_id`) VALUES (24, 59);
INSERT INTO `Bookkeeper`.`book_tags` (`fk_book_id`, `fk_tag_id`) VALUES (25, 1);
INSERT INTO `Bookkeeper`.`book_tags` (`fk_book_id`, `fk_tag_id`) VALUES (25, 2);
INSERT INTO `Bookkeeper`.`book_tags` (`fk_book_id`, `fk_tag_id`) VALUES (25, 3);
INSERT INTO `Bookkeeper`.`book_tags` (`fk_book_id`, `fk_tag_id`) VALUES (25, 6);
INSERT INTO `Bookkeeper`.`book_tags` (`fk_book_id`, `fk_tag_id`) VALUES (25, 20);
INSERT INTO `Bookkeeper`.`book_tags` (`fk_book_id`, `fk_tag_id`) VALUES (25, 22);
INSERT INTO `Bookkeeper`.`book_tags` (`fk_book_id`, `fk_tag_id`) VALUES (25, 31);
INSERT INTO `Bookkeeper`.`book_tags` (`fk_book_id`, `fk_tag_id`) VALUES (25, 34);
INSERT INTO `Bookkeeper`.`book_tags` (`fk_book_id`, `fk_tag_id`) VALUES (25, 40);
INSERT INTO `Bookkeeper`.`book_tags` (`fk_book_id`, `fk_tag_id`) VALUES (25, 48);
INSERT INTO `Bookkeeper`.`book_tags` (`fk_book_id`, `fk_tag_id`) VALUES (25, 52);
INSERT INTO `Bookkeeper`.`book_tags` (`fk_book_id`, `fk_tag_id`) VALUES (26, 2);
INSERT INTO `Bookkeeper`.`book_tags` (`fk_book_id`, `fk_tag_id`) VALUES (26, 3);
INSERT INTO `Bookkeeper`.`book_tags` (`fk_book_id`, `fk_tag_id`) VALUES (26, 6);
INSERT INTO `Bookkeeper`.`book_tags` (`fk_book_id`, `fk_tag_id`) VALUES (26, 22);
INSERT INTO `Bookkeeper`.`book_tags` (`fk_book_id`, `fk_tag_id`) VALUES (26, 34);
INSERT INTO `Bookkeeper`.`book_tags` (`fk_book_id`, `fk_tag_id`) VALUES (26, 40);
INSERT INTO `Bookkeeper`.`book_tags` (`fk_book_id`, `fk_tag_id`) VALUES (26, 44);
INSERT INTO `Bookkeeper`.`book_tags` (`fk_book_id`, `fk_tag_id`) VALUES (26, 46);
INSERT INTO `Bookkeeper`.`book_tags` (`fk_book_id`, `fk_tag_id`) VALUES (26, 48);
INSERT INTO `Bookkeeper`.`book_tags` (`fk_book_id`, `fk_tag_id`) VALUES (27, 1);
INSERT INTO `Bookkeeper`.`book_tags` (`fk_book_id`, `fk_tag_id`) VALUES (27, 2);
INSERT INTO `Bookkeeper`.`book_tags` (`fk_book_id`, `fk_tag_id`) VALUES (27, 6);
INSERT INTO `Bookkeeper`.`book_tags` (`fk_book_id`, `fk_tag_id`) VALUES (27, 31);
INSERT INTO `Bookkeeper`.`book_tags` (`fk_book_id`, `fk_tag_id`) VALUES (27, 36);
INSERT INTO `Bookkeeper`.`book_tags` (`fk_book_id`, `fk_tag_id`) VALUES (27, 40);
INSERT INTO `Bookkeeper`.`book_tags` (`fk_book_id`, `fk_tag_id`) VALUES (27, 54);
INSERT INTO `Bookkeeper`.`book_tags` (`fk_book_id`, `fk_tag_id`) VALUES (27, 64);
INSERT INTO `Bookkeeper`.`book_tags` (`fk_book_id`, `fk_tag_id`) VALUES (28, 1);
INSERT INTO `Bookkeeper`.`book_tags` (`fk_book_id`, `fk_tag_id`) VALUES (28, 2);
INSERT INTO `Bookkeeper`.`book_tags` (`fk_book_id`, `fk_tag_id`) VALUES (28, 6);
INSERT INTO `Bookkeeper`.`book_tags` (`fk_book_id`, `fk_tag_id`) VALUES (28, 20);
INSERT INTO `Bookkeeper`.`book_tags` (`fk_book_id`, `fk_tag_id`) VALUES (28, 24);
INSERT INTO `Bookkeeper`.`book_tags` (`fk_book_id`, `fk_tag_id`) VALUES (28, 30);
INSERT INTO `Bookkeeper`.`book_tags` (`fk_book_id`, `fk_tag_id`) VALUES (28, 31);
INSERT INTO `Bookkeeper`.`book_tags` (`fk_book_id`, `fk_tag_id`) VALUES (28, 34);
INSERT INTO `Bookkeeper`.`book_tags` (`fk_book_id`, `fk_tag_id`) VALUES (28, 35);
INSERT INTO `Bookkeeper`.`book_tags` (`fk_book_id`, `fk_tag_id`) VALUES (28, 40);
INSERT INTO `Bookkeeper`.`book_tags` (`fk_book_id`, `fk_tag_id`) VALUES (28, 48);
INSERT INTO `Bookkeeper`.`book_tags` (`fk_book_id`, `fk_tag_id`) VALUES (28, 56);
INSERT INTO `Bookkeeper`.`book_tags` (`fk_book_id`, `fk_tag_id`) VALUES (29, 1);
INSERT INTO `Bookkeeper`.`book_tags` (`fk_book_id`, `fk_tag_id`) VALUES (29, 2);
INSERT INTO `Bookkeeper`.`book_tags` (`fk_book_id`, `fk_tag_id`) VALUES (29, 6);
INSERT INTO `Bookkeeper`.`book_tags` (`fk_book_id`, `fk_tag_id`) VALUES (29, 29);
INSERT INTO `Bookkeeper`.`book_tags` (`fk_book_id`, `fk_tag_id`) VALUES (29, 34);
INSERT INTO `Bookkeeper`.`book_tags` (`fk_book_id`, `fk_tag_id`) VALUES (29, 35);
INSERT INTO `Bookkeeper`.`book_tags` (`fk_book_id`, `fk_tag_id`) VALUES (29, 47);
INSERT INTO `Bookkeeper`.`book_tags` (`fk_book_id`, `fk_tag_id`) VALUES (29, 53);
INSERT INTO `Bookkeeper`.`book_tags` (`fk_book_id`, `fk_tag_id`) VALUES (29, 54);
INSERT INTO `Bookkeeper`.`book_tags` (`fk_book_id`, `fk_tag_id`) VALUES (29, 56);
INSERT INTO `Bookkeeper`.`book_tags` (`fk_book_id`, `fk_tag_id`) VALUES (30, 2);
INSERT INTO `Bookkeeper`.`book_tags` (`fk_book_id`, `fk_tag_id`) VALUES (30, 5);
INSERT INTO `Bookkeeper`.`book_tags` (`fk_book_id`, `fk_tag_id`) VALUES (30, 6);
INSERT INTO `Bookkeeper`.`book_tags` (`fk_book_id`, `fk_tag_id`) VALUES (30, 10);
INSERT INTO `Bookkeeper`.`book_tags` (`fk_book_id`, `fk_tag_id`) VALUES (30, 24);
INSERT INTO `Bookkeeper`.`book_tags` (`fk_book_id`, `fk_tag_id`) VALUES (30, 30);
INSERT INTO `Bookkeeper`.`book_tags` (`fk_book_id`, `fk_tag_id`) VALUES (30, 34);
INSERT INTO `Bookkeeper`.`book_tags` (`fk_book_id`, `fk_tag_id`) VALUES (30, 35);
INSERT INTO `Bookkeeper`.`book_tags` (`fk_book_id`, `fk_tag_id`) VALUES (30, 39);
INSERT INTO `Bookkeeper`.`book_tags` (`fk_book_id`, `fk_tag_id`) VALUES (30, 42);
INSERT INTO `Bookkeeper`.`book_tags` (`fk_book_id`, `fk_tag_id`) VALUES (30, 45);
INSERT INTO `Bookkeeper`.`book_tags` (`fk_book_id`, `fk_tag_id`) VALUES (30, 48);
INSERT INTO `Bookkeeper`.`book_tags` (`fk_book_id`, `fk_tag_id`) VALUES (31, 1);
INSERT INTO `Bookkeeper`.`book_tags` (`fk_book_id`, `fk_tag_id`) VALUES (31, 2);
INSERT INTO `Bookkeeper`.`book_tags` (`fk_book_id`, `fk_tag_id`) VALUES (31, 6);
INSERT INTO `Bookkeeper`.`book_tags` (`fk_book_id`, `fk_tag_id`) VALUES (31, 20);
INSERT INTO `Bookkeeper`.`book_tags` (`fk_book_id`, `fk_tag_id`) VALUES (31, 30);
INSERT INTO `Bookkeeper`.`book_tags` (`fk_book_id`, `fk_tag_id`) VALUES (31, 31);
INSERT INTO `Bookkeeper`.`book_tags` (`fk_book_id`, `fk_tag_id`) VALUES (31, 34);
INSERT INTO `Bookkeeper`.`book_tags` (`fk_book_id`, `fk_tag_id`) VALUES (31, 35);
INSERT INTO `Bookkeeper`.`book_tags` (`fk_book_id`, `fk_tag_id`) VALUES (31, 36);
INSERT INTO `Bookkeeper`.`book_tags` (`fk_book_id`, `fk_tag_id`) VALUES (31, 42);
INSERT INTO `Bookkeeper`.`book_tags` (`fk_book_id`, `fk_tag_id`) VALUES (31, 49);
INSERT INTO `Bookkeeper`.`book_tags` (`fk_book_id`, `fk_tag_id`) VALUES (31, 54);
INSERT INTO `Bookkeeper`.`book_tags` (`fk_book_id`, `fk_tag_id`) VALUES (31, 64);
INSERT INTO `Bookkeeper`.`book_tags` (`fk_book_id`, `fk_tag_id`) VALUES (32, 1);
INSERT INTO `Bookkeeper`.`book_tags` (`fk_book_id`, `fk_tag_id`) VALUES (32, 2);
INSERT INTO `Bookkeeper`.`book_tags` (`fk_book_id`, `fk_tag_id`) VALUES (32, 3);
INSERT INTO `Bookkeeper`.`book_tags` (`fk_book_id`, `fk_tag_id`) VALUES (32, 6);
INSERT INTO `Bookkeeper`.`book_tags` (`fk_book_id`, `fk_tag_id`) VALUES (32, 24);
INSERT INTO `Bookkeeper`.`book_tags` (`fk_book_id`, `fk_tag_id`) VALUES (32, 31);
INSERT INTO `Bookkeeper`.`book_tags` (`fk_book_id`, `fk_tag_id`) VALUES (32, 35);
INSERT INTO `Bookkeeper`.`book_tags` (`fk_book_id`, `fk_tag_id`) VALUES (32, 36);
INSERT INTO `Bookkeeper`.`book_tags` (`fk_book_id`, `fk_tag_id`) VALUES (32, 40);
INSERT INTO `Bookkeeper`.`book_tags` (`fk_book_id`, `fk_tag_id`) VALUES (32, 48);
INSERT INTO `Bookkeeper`.`book_tags` (`fk_book_id`, `fk_tag_id`) VALUES (32, 64);
INSERT INTO `Bookkeeper`.`book_tags` (`fk_book_id`, `fk_tag_id`) VALUES (33, 1);
INSERT INTO `Bookkeeper`.`book_tags` (`fk_book_id`, `fk_tag_id`) VALUES (33, 2);
INSERT INTO `Bookkeeper`.`book_tags` (`fk_book_id`, `fk_tag_id`) VALUES (33, 6);
INSERT INTO `Bookkeeper`.`book_tags` (`fk_book_id`, `fk_tag_id`) VALUES (33, 29);
INSERT INTO `Bookkeeper`.`book_tags` (`fk_book_id`, `fk_tag_id`) VALUES (33, 36);
INSERT INTO `Bookkeeper`.`book_tags` (`fk_book_id`, `fk_tag_id`) VALUES (33, 48);
INSERT INTO `Bookkeeper`.`book_tags` (`fk_book_id`, `fk_tag_id`) VALUES (34, 2);
INSERT INTO `Bookkeeper`.`book_tags` (`fk_book_id`, `fk_tag_id`) VALUES (34, 6);
INSERT INTO `Bookkeeper`.`book_tags` (`fk_book_id`, `fk_tag_id`) VALUES (34, 10);
INSERT INTO `Bookkeeper`.`book_tags` (`fk_book_id`, `fk_tag_id`) VALUES (34, 22);
INSERT INTO `Bookkeeper`.`book_tags` (`fk_book_id`, `fk_tag_id`) VALUES (34, 25);
INSERT INTO `Bookkeeper`.`book_tags` (`fk_book_id`, `fk_tag_id`) VALUES (34, 27);
INSERT INTO `Bookkeeper`.`book_tags` (`fk_book_id`, `fk_tag_id`) VALUES (34, 30);
INSERT INTO `Bookkeeper`.`book_tags` (`fk_book_id`, `fk_tag_id`) VALUES (34, 31);
INSERT INTO `Bookkeeper`.`book_tags` (`fk_book_id`, `fk_tag_id`) VALUES (34, 34);
INSERT INTO `Bookkeeper`.`book_tags` (`fk_book_id`, `fk_tag_id`) VALUES (34, 40);
INSERT INTO `Bookkeeper`.`book_tags` (`fk_book_id`, `fk_tag_id`) VALUES (34, 44);
INSERT INTO `Bookkeeper`.`book_tags` (`fk_book_id`, `fk_tag_id`) VALUES (34, 54);
INSERT INTO `Bookkeeper`.`book_tags` (`fk_book_id`, `fk_tag_id`) VALUES (35, 1);
INSERT INTO `Bookkeeper`.`book_tags` (`fk_book_id`, `fk_tag_id`) VALUES (35, 3);
INSERT INTO `Bookkeeper`.`book_tags` (`fk_book_id`, `fk_tag_id`) VALUES (35, 4);
INSERT INTO `Bookkeeper`.`book_tags` (`fk_book_id`, `fk_tag_id`) VALUES (35, 13);
INSERT INTO `Bookkeeper`.`book_tags` (`fk_book_id`, `fk_tag_id`) VALUES (35, 18);
INSERT INTO `Bookkeeper`.`book_tags` (`fk_book_id`, `fk_tag_id`) VALUES (35, 22);
INSERT INTO `Bookkeeper`.`book_tags` (`fk_book_id`, `fk_tag_id`) VALUES (35, 35);
INSERT INTO `Bookkeeper`.`book_tags` (`fk_book_id`, `fk_tag_id`) VALUES (35, 37);
INSERT INTO `Bookkeeper`.`book_tags` (`fk_book_id`, `fk_tag_id`) VALUES (35, 42);
INSERT INTO `Bookkeeper`.`book_tags` (`fk_book_id`, `fk_tag_id`) VALUES (35, 47);
INSERT INTO `Bookkeeper`.`book_tags` (`fk_book_id`, `fk_tag_id`) VALUES (35, 49);
INSERT INTO `Bookkeeper`.`book_tags` (`fk_book_id`, `fk_tag_id`) VALUES (35, 54);
INSERT INTO `Bookkeeper`.`book_tags` (`fk_book_id`, `fk_tag_id`) VALUES (35, 55);
INSERT INTO `Bookkeeper`.`book_tags` (`fk_book_id`, `fk_tag_id`) VALUES (35, 56);
INSERT INTO `Bookkeeper`.`book_tags` (`fk_book_id`, `fk_tag_id`) VALUES (35, 59);
INSERT INTO `Bookkeeper`.`book_tags` (`fk_book_id`, `fk_tag_id`) VALUES (36, 1);
INSERT INTO `Bookkeeper`.`book_tags` (`fk_book_id`, `fk_tag_id`) VALUES (36, 2);
INSERT INTO `Bookkeeper`.`book_tags` (`fk_book_id`, `fk_tag_id`) VALUES (36, 3);
INSERT INTO `Bookkeeper`.`book_tags` (`fk_book_id`, `fk_tag_id`) VALUES (36, 6);
INSERT INTO `Bookkeeper`.`book_tags` (`fk_book_id`, `fk_tag_id`) VALUES (36, 18);
INSERT INTO `Bookkeeper`.`book_tags` (`fk_book_id`, `fk_tag_id`) VALUES (36, 30);
INSERT INTO `Bookkeeper`.`book_tags` (`fk_book_id`, `fk_tag_id`) VALUES (36, 34);
INSERT INTO `Bookkeeper`.`book_tags` (`fk_book_id`, `fk_tag_id`) VALUES (36, 35);
INSERT INTO `Bookkeeper`.`book_tags` (`fk_book_id`, `fk_tag_id`) VALUES (36, 36);
INSERT INTO `Bookkeeper`.`book_tags` (`fk_book_id`, `fk_tag_id`) VALUES (36, 38);
INSERT INTO `Bookkeeper`.`book_tags` (`fk_book_id`, `fk_tag_id`) VALUES (36, 40);
INSERT INTO `Bookkeeper`.`book_tags` (`fk_book_id`, `fk_tag_id`) VALUES (36, 44);
INSERT INTO `Bookkeeper`.`book_tags` (`fk_book_id`, `fk_tag_id`) VALUES (36, 54);
INSERT INTO `Bookkeeper`.`book_tags` (`fk_book_id`, `fk_tag_id`) VALUES (36, 56);
INSERT INTO `Bookkeeper`.`book_tags` (`fk_book_id`, `fk_tag_id`) VALUES (36, 64);
INSERT INTO `Bookkeeper`.`book_tags` (`fk_book_id`, `fk_tag_id`) VALUES (37, 1);
INSERT INTO `Bookkeeper`.`book_tags` (`fk_book_id`, `fk_tag_id`) VALUES (37, 2);
INSERT INTO `Bookkeeper`.`book_tags` (`fk_book_id`, `fk_tag_id`) VALUES (37, 6);
INSERT INTO `Bookkeeper`.`book_tags` (`fk_book_id`, `fk_tag_id`) VALUES (37, 24);
INSERT INTO `Bookkeeper`.`book_tags` (`fk_book_id`, `fk_tag_id`) VALUES (37, 31);
INSERT INTO `Bookkeeper`.`book_tags` (`fk_book_id`, `fk_tag_id`) VALUES (37, 32);
INSERT INTO `Bookkeeper`.`book_tags` (`fk_book_id`, `fk_tag_id`) VALUES (37, 34);
INSERT INTO `Bookkeeper`.`book_tags` (`fk_book_id`, `fk_tag_id`) VALUES (37, 39);
INSERT INTO `Bookkeeper`.`book_tags` (`fk_book_id`, `fk_tag_id`) VALUES (37, 42);
INSERT INTO `Bookkeeper`.`book_tags` (`fk_book_id`, `fk_tag_id`) VALUES (38, 1);
INSERT INTO `Bookkeeper`.`book_tags` (`fk_book_id`, `fk_tag_id`) VALUES (38, 3);
INSERT INTO `Bookkeeper`.`book_tags` (`fk_book_id`, `fk_tag_id`) VALUES (38, 4);
INSERT INTO `Bookkeeper`.`book_tags` (`fk_book_id`, `fk_tag_id`) VALUES (38, 13);
INSERT INTO `Bookkeeper`.`book_tags` (`fk_book_id`, `fk_tag_id`) VALUES (38, 28);
INSERT INTO `Bookkeeper`.`book_tags` (`fk_book_id`, `fk_tag_id`) VALUES (38, 31);
INSERT INTO `Bookkeeper`.`book_tags` (`fk_book_id`, `fk_tag_id`) VALUES (38, 42);
INSERT INTO `Bookkeeper`.`book_tags` (`fk_book_id`, `fk_tag_id`) VALUES (38, 55);
INSERT INTO `Bookkeeper`.`book_tags` (`fk_book_id`, `fk_tag_id`) VALUES (38, 62);
INSERT INTO `Bookkeeper`.`book_tags` (`fk_book_id`, `fk_tag_id`) VALUES (39, 1);
INSERT INTO `Bookkeeper`.`book_tags` (`fk_book_id`, `fk_tag_id`) VALUES (39, 2);
INSERT INTO `Bookkeeper`.`book_tags` (`fk_book_id`, `fk_tag_id`) VALUES (39, 3);
INSERT INTO `Bookkeeper`.`book_tags` (`fk_book_id`, `fk_tag_id`) VALUES (39, 6);
INSERT INTO `Bookkeeper`.`book_tags` (`fk_book_id`, `fk_tag_id`) VALUES (39, 18);
INSERT INTO `Bookkeeper`.`book_tags` (`fk_book_id`, `fk_tag_id`) VALUES (39, 19);
INSERT INTO `Bookkeeper`.`book_tags` (`fk_book_id`, `fk_tag_id`) VALUES (39, 20);
INSERT INTO `Bookkeeper`.`book_tags` (`fk_book_id`, `fk_tag_id`) VALUES (39, 24);
INSERT INTO `Bookkeeper`.`book_tags` (`fk_book_id`, `fk_tag_id`) VALUES (39, 27);
INSERT INTO `Bookkeeper`.`book_tags` (`fk_book_id`, `fk_tag_id`) VALUES (39, 30);
INSERT INTO `Bookkeeper`.`book_tags` (`fk_book_id`, `fk_tag_id`) VALUES (39, 35);
INSERT INTO `Bookkeeper`.`book_tags` (`fk_book_id`, `fk_tag_id`) VALUES (39, 36);
INSERT INTO `Bookkeeper`.`book_tags` (`fk_book_id`, `fk_tag_id`) VALUES (39, 37);
INSERT INTO `Bookkeeper`.`book_tags` (`fk_book_id`, `fk_tag_id`) VALUES (39, 40);
INSERT INTO `Bookkeeper`.`book_tags` (`fk_book_id`, `fk_tag_id`) VALUES (39, 42);
INSERT INTO `Bookkeeper`.`book_tags` (`fk_book_id`, `fk_tag_id`) VALUES (39, 44);
INSERT INTO `Bookkeeper`.`book_tags` (`fk_book_id`, `fk_tag_id`) VALUES (39, 47);
INSERT INTO `Bookkeeper`.`book_tags` (`fk_book_id`, `fk_tag_id`) VALUES (39, 49);
INSERT INTO `Bookkeeper`.`book_tags` (`fk_book_id`, `fk_tag_id`) VALUES (39, 53);
INSERT INTO `Bookkeeper`.`book_tags` (`fk_book_id`, `fk_tag_id`) VALUES (39, 54);
INSERT INTO `Bookkeeper`.`book_tags` (`fk_book_id`, `fk_tag_id`) VALUES (39, 56);
INSERT INTO `Bookkeeper`.`book_tags` (`fk_book_id`, `fk_tag_id`) VALUES (39, 60);
INSERT INTO `Bookkeeper`.`book_tags` (`fk_book_id`, `fk_tag_id`) VALUES (39, 61);
INSERT INTO `Bookkeeper`.`book_tags` (`fk_book_id`, `fk_tag_id`) VALUES (40, 2);
INSERT INTO `Bookkeeper`.`book_tags` (`fk_book_id`, `fk_tag_id`) VALUES (40, 3);
INSERT INTO `Bookkeeper`.`book_tags` (`fk_book_id`, `fk_tag_id`) VALUES (40, 6);
INSERT INTO `Bookkeeper`.`book_tags` (`fk_book_id`, `fk_tag_id`) VALUES (40, 12);
INSERT INTO `Bookkeeper`.`book_tags` (`fk_book_id`, `fk_tag_id`) VALUES (40, 18);
INSERT INTO `Bookkeeper`.`book_tags` (`fk_book_id`, `fk_tag_id`) VALUES (40, 31);
INSERT INTO `Bookkeeper`.`book_tags` (`fk_book_id`, `fk_tag_id`) VALUES (40, 37);
INSERT INTO `Bookkeeper`.`book_tags` (`fk_book_id`, `fk_tag_id`) VALUES (40, 39);
INSERT INTO `Bookkeeper`.`book_tags` (`fk_book_id`, `fk_tag_id`) VALUES (40, 54);
INSERT INTO `Bookkeeper`.`book_tags` (`fk_book_id`, `fk_tag_id`) VALUES (41, 1);
INSERT INTO `Bookkeeper`.`book_tags` (`fk_book_id`, `fk_tag_id`) VALUES (41, 2);
INSERT INTO `Bookkeeper`.`book_tags` (`fk_book_id`, `fk_tag_id`) VALUES (41, 24);
INSERT INTO `Bookkeeper`.`book_tags` (`fk_book_id`, `fk_tag_id`) VALUES (41, 35);
INSERT INTO `Bookkeeper`.`book_tags` (`fk_book_id`, `fk_tag_id`) VALUES (41, 40);
INSERT INTO `Bookkeeper`.`book_tags` (`fk_book_id`, `fk_tag_id`) VALUES (42, 1);
INSERT INTO `Bookkeeper`.`book_tags` (`fk_book_id`, `fk_tag_id`) VALUES (42, 2);
INSERT INTO `Bookkeeper`.`book_tags` (`fk_book_id`, `fk_tag_id`) VALUES (42, 3);
INSERT INTO `Bookkeeper`.`book_tags` (`fk_book_id`, `fk_tag_id`) VALUES (42, 6);
INSERT INTO `Bookkeeper`.`book_tags` (`fk_book_id`, `fk_tag_id`) VALUES (42, 20);
INSERT INTO `Bookkeeper`.`book_tags` (`fk_book_id`, `fk_tag_id`) VALUES (42, 24);
INSERT INTO `Bookkeeper`.`book_tags` (`fk_book_id`, `fk_tag_id`) VALUES (42, 27);
INSERT INTO `Bookkeeper`.`book_tags` (`fk_book_id`, `fk_tag_id`) VALUES (42, 30);
INSERT INTO `Bookkeeper`.`book_tags` (`fk_book_id`, `fk_tag_id`) VALUES (42, 34);
INSERT INTO `Bookkeeper`.`book_tags` (`fk_book_id`, `fk_tag_id`) VALUES (42, 35);
INSERT INTO `Bookkeeper`.`book_tags` (`fk_book_id`, `fk_tag_id`) VALUES (42, 42);
INSERT INTO `Bookkeeper`.`book_tags` (`fk_book_id`, `fk_tag_id`) VALUES (43, 1);
INSERT INTO `Bookkeeper`.`book_tags` (`fk_book_id`, `fk_tag_id`) VALUES (43, 3);
INSERT INTO `Bookkeeper`.`book_tags` (`fk_book_id`, `fk_tag_id`) VALUES (43, 6);
INSERT INTO `Bookkeeper`.`book_tags` (`fk_book_id`, `fk_tag_id`) VALUES (43, 35);
INSERT INTO `Bookkeeper`.`book_tags` (`fk_book_id`, `fk_tag_id`) VALUES (43, 43);
INSERT INTO `Bookkeeper`.`book_tags` (`fk_book_id`, `fk_tag_id`) VALUES (43, 48);
INSERT INTO `Bookkeeper`.`book_tags` (`fk_book_id`, `fk_tag_id`) VALUES (43, 56);
INSERT INTO `Bookkeeper`.`book_tags` (`fk_book_id`, `fk_tag_id`) VALUES (44, 1);
INSERT INTO `Bookkeeper`.`book_tags` (`fk_book_id`, `fk_tag_id`) VALUES (44, 2);
INSERT INTO `Bookkeeper`.`book_tags` (`fk_book_id`, `fk_tag_id`) VALUES (44, 3);
INSERT INTO `Bookkeeper`.`book_tags` (`fk_book_id`, `fk_tag_id`) VALUES (44, 6);
INSERT INTO `Bookkeeper`.`book_tags` (`fk_book_id`, `fk_tag_id`) VALUES (44, 24);
INSERT INTO `Bookkeeper`.`book_tags` (`fk_book_id`, `fk_tag_id`) VALUES (44, 31);
INSERT INTO `Bookkeeper`.`book_tags` (`fk_book_id`, `fk_tag_id`) VALUES (44, 34);
INSERT INTO `Bookkeeper`.`book_tags` (`fk_book_id`, `fk_tag_id`) VALUES (44, 40);
INSERT INTO `Bookkeeper`.`book_tags` (`fk_book_id`, `fk_tag_id`) VALUES (44, 41);
INSERT INTO `Bookkeeper`.`book_tags` (`fk_book_id`, `fk_tag_id`) VALUES (44, 48);
INSERT INTO `Bookkeeper`.`book_tags` (`fk_book_id`, `fk_tag_id`) VALUES (45, 2);
INSERT INTO `Bookkeeper`.`book_tags` (`fk_book_id`, `fk_tag_id`) VALUES (45, 5);
INSERT INTO `Bookkeeper`.`book_tags` (`fk_book_id`, `fk_tag_id`) VALUES (45, 6);
INSERT INTO `Bookkeeper`.`book_tags` (`fk_book_id`, `fk_tag_id`) VALUES (45, 10);
INSERT INTO `Bookkeeper`.`book_tags` (`fk_book_id`, `fk_tag_id`) VALUES (45, 24);
INSERT INTO `Bookkeeper`.`book_tags` (`fk_book_id`, `fk_tag_id`) VALUES (45, 30);
INSERT INTO `Bookkeeper`.`book_tags` (`fk_book_id`, `fk_tag_id`) VALUES (45, 31);
INSERT INTO `Bookkeeper`.`book_tags` (`fk_book_id`, `fk_tag_id`) VALUES (45, 34);
INSERT INTO `Bookkeeper`.`book_tags` (`fk_book_id`, `fk_tag_id`) VALUES (45, 35);
INSERT INTO `Bookkeeper`.`book_tags` (`fk_book_id`, `fk_tag_id`) VALUES (45, 40);
INSERT INTO `Bookkeeper`.`book_tags` (`fk_book_id`, `fk_tag_id`) VALUES (45, 42);
INSERT INTO `Bookkeeper`.`book_tags` (`fk_book_id`, `fk_tag_id`) VALUES (45, 53);
INSERT INTO `Bookkeeper`.`book_tags` (`fk_book_id`, `fk_tag_id`) VALUES (45, 56);
INSERT INTO `Bookkeeper`.`book_tags` (`fk_book_id`, `fk_tag_id`) VALUES (46, 2);
INSERT INTO `Bookkeeper`.`book_tags` (`fk_book_id`, `fk_tag_id`) VALUES (46, 6);
INSERT INTO `Bookkeeper`.`book_tags` (`fk_book_id`, `fk_tag_id`) VALUES (46, 8);
INSERT INTO `Bookkeeper`.`book_tags` (`fk_book_id`, `fk_tag_id`) VALUES (46, 22);
INSERT INTO `Bookkeeper`.`book_tags` (`fk_book_id`, `fk_tag_id`) VALUES (46, 30);
INSERT INTO `Bookkeeper`.`book_tags` (`fk_book_id`, `fk_tag_id`) VALUES (46, 34);
INSERT INTO `Bookkeeper`.`book_tags` (`fk_book_id`, `fk_tag_id`) VALUES (46, 42);
INSERT INTO `Bookkeeper`.`book_tags` (`fk_book_id`, `fk_tag_id`) VALUES (47, 1);
INSERT INTO `Bookkeeper`.`book_tags` (`fk_book_id`, `fk_tag_id`) VALUES (47, 2);
INSERT INTO `Bookkeeper`.`book_tags` (`fk_book_id`, `fk_tag_id`) VALUES (47, 6);
INSERT INTO `Bookkeeper`.`book_tags` (`fk_book_id`, `fk_tag_id`) VALUES (47, 29);
INSERT INTO `Bookkeeper`.`book_tags` (`fk_book_id`, `fk_tag_id`) VALUES (47, 35);
INSERT INTO `Bookkeeper`.`book_tags` (`fk_book_id`, `fk_tag_id`) VALUES (47, 36);
INSERT INTO `Bookkeeper`.`book_tags` (`fk_book_id`, `fk_tag_id`) VALUES (47, 56);
INSERT INTO `Bookkeeper`.`book_tags` (`fk_book_id`, `fk_tag_id`) VALUES (47, 64);
INSERT INTO `Bookkeeper`.`book_tags` (`fk_book_id`, `fk_tag_id`) VALUES (48, 1);
INSERT INTO `Bookkeeper`.`book_tags` (`fk_book_id`, `fk_tag_id`) VALUES (48, 2);
INSERT INTO `Bookkeeper`.`book_tags` (`fk_book_id`, `fk_tag_id`) VALUES (48, 3);
INSERT INTO `Bookkeeper`.`book_tags` (`fk_book_id`, `fk_tag_id`) VALUES (48, 6);
INSERT INTO `Bookkeeper`.`book_tags` (`fk_book_id`, `fk_tag_id`) VALUES (48, 18);
INSERT INTO `Bookkeeper`.`book_tags` (`fk_book_id`, `fk_tag_id`) VALUES (48, 29);
INSERT INTO `Bookkeeper`.`book_tags` (`fk_book_id`, `fk_tag_id`) VALUES (48, 30);
INSERT INTO `Bookkeeper`.`book_tags` (`fk_book_id`, `fk_tag_id`) VALUES (48, 34);
INSERT INTO `Bookkeeper`.`book_tags` (`fk_book_id`, `fk_tag_id`) VALUES (48, 35);
INSERT INTO `Bookkeeper`.`book_tags` (`fk_book_id`, `fk_tag_id`) VALUES (48, 40);
INSERT INTO `Bookkeeper`.`book_tags` (`fk_book_id`, `fk_tag_id`) VALUES (48, 42);
INSERT INTO `Bookkeeper`.`book_tags` (`fk_book_id`, `fk_tag_id`) VALUES (48, 60);
INSERT INTO `Bookkeeper`.`book_tags` (`fk_book_id`, `fk_tag_id`) VALUES (49, 2);
INSERT INTO `Bookkeeper`.`book_tags` (`fk_book_id`, `fk_tag_id`) VALUES (49, 3);
INSERT INTO `Bookkeeper`.`book_tags` (`fk_book_id`, `fk_tag_id`) VALUES (49, 6);
INSERT INTO `Bookkeeper`.`book_tags` (`fk_book_id`, `fk_tag_id`) VALUES (49, 12);
INSERT INTO `Bookkeeper`.`book_tags` (`fk_book_id`, `fk_tag_id`) VALUES (49, 19);
INSERT INTO `Bookkeeper`.`book_tags` (`fk_book_id`, `fk_tag_id`) VALUES (49, 22);
INSERT INTO `Bookkeeper`.`book_tags` (`fk_book_id`, `fk_tag_id`) VALUES (49, 24);
INSERT INTO `Bookkeeper`.`book_tags` (`fk_book_id`, `fk_tag_id`) VALUES (49, 30);
INSERT INTO `Bookkeeper`.`book_tags` (`fk_book_id`, `fk_tag_id`) VALUES (49, 31);
INSERT INTO `Bookkeeper`.`book_tags` (`fk_book_id`, `fk_tag_id`) VALUES (49, 34);
INSERT INTO `Bookkeeper`.`book_tags` (`fk_book_id`, `fk_tag_id`) VALUES (49, 39);
INSERT INTO `Bookkeeper`.`book_tags` (`fk_book_id`, `fk_tag_id`) VALUES (49, 49);
INSERT INTO `Bookkeeper`.`book_tags` (`fk_book_id`, `fk_tag_id`) VALUES (49, 61);
INSERT INTO `Bookkeeper`.`book_tags` (`fk_book_id`, `fk_tag_id`) VALUES (50, 1);
INSERT INTO `Bookkeeper`.`book_tags` (`fk_book_id`, `fk_tag_id`) VALUES (50, 2);
INSERT INTO `Bookkeeper`.`book_tags` (`fk_book_id`, `fk_tag_id`) VALUES (50, 6);
INSERT INTO `Bookkeeper`.`book_tags` (`fk_book_id`, `fk_tag_id`) VALUES (50, 7);
INSERT INTO `Bookkeeper`.`book_tags` (`fk_book_id`, `fk_tag_id`) VALUES (50, 22);
INSERT INTO `Bookkeeper`.`book_tags` (`fk_book_id`, `fk_tag_id`) VALUES (50, 59);
INSERT INTO `Bookkeeper`.`book_tags` (`fk_book_id`, `fk_tag_id`) VALUES (50, 60);
INSERT INTO `Bookkeeper`.`book_tags` (`fk_book_id`, `fk_tag_id`) VALUES (51, 1);
INSERT INTO `Bookkeeper`.`book_tags` (`fk_book_id`, `fk_tag_id`) VALUES (51, 2);
INSERT INTO `Bookkeeper`.`book_tags` (`fk_book_id`, `fk_tag_id`) VALUES (51, 6);
INSERT INTO `Bookkeeper`.`book_tags` (`fk_book_id`, `fk_tag_id`) VALUES (51, 22);
INSERT INTO `Bookkeeper`.`book_tags` (`fk_book_id`, `fk_tag_id`) VALUES (51, 31);
INSERT INTO `Bookkeeper`.`book_tags` (`fk_book_id`, `fk_tag_id`) VALUES (51, 34);
INSERT INTO `Bookkeeper`.`book_tags` (`fk_book_id`, `fk_tag_id`) VALUES (51, 39);
INSERT INTO `Bookkeeper`.`book_tags` (`fk_book_id`, `fk_tag_id`) VALUES (51, 40);
INSERT INTO `Bookkeeper`.`book_tags` (`fk_book_id`, `fk_tag_id`) VALUES (51, 42);
INSERT INTO `Bookkeeper`.`book_tags` (`fk_book_id`, `fk_tag_id`) VALUES (51, 44);
INSERT INTO `Bookkeeper`.`book_tags` (`fk_book_id`, `fk_tag_id`) VALUES (51, 48);
INSERT INTO `Bookkeeper`.`book_tags` (`fk_book_id`, `fk_tag_id`) VALUES (51, 53);
INSERT INTO `Bookkeeper`.`book_tags` (`fk_book_id`, `fk_tag_id`) VALUES (51, 54);
INSERT INTO `Bookkeeper`.`book_tags` (`fk_book_id`, `fk_tag_id`) VALUES (52, 1);
INSERT INTO `Bookkeeper`.`book_tags` (`fk_book_id`, `fk_tag_id`) VALUES (52, 2);
INSERT INTO `Bookkeeper`.`book_tags` (`fk_book_id`, `fk_tag_id`) VALUES (52, 6);
INSERT INTO `Bookkeeper`.`book_tags` (`fk_book_id`, `fk_tag_id`) VALUES (52, 10);
INSERT INTO `Bookkeeper`.`book_tags` (`fk_book_id`, `fk_tag_id`) VALUES (52, 18);
INSERT INTO `Bookkeeper`.`book_tags` (`fk_book_id`, `fk_tag_id`) VALUES (52, 21);
INSERT INTO `Bookkeeper`.`book_tags` (`fk_book_id`, `fk_tag_id`) VALUES (52, 27);
INSERT INTO `Bookkeeper`.`book_tags` (`fk_book_id`, `fk_tag_id`) VALUES (52, 30);
INSERT INTO `Bookkeeper`.`book_tags` (`fk_book_id`, `fk_tag_id`) VALUES (52, 34);
INSERT INTO `Bookkeeper`.`book_tags` (`fk_book_id`, `fk_tag_id`) VALUES (52, 35);
INSERT INTO `Bookkeeper`.`book_tags` (`fk_book_id`, `fk_tag_id`) VALUES (52, 39);
INSERT INTO `Bookkeeper`.`book_tags` (`fk_book_id`, `fk_tag_id`) VALUES (52, 42);
INSERT INTO `Bookkeeper`.`book_tags` (`fk_book_id`, `fk_tag_id`) VALUES (52, 46);
INSERT INTO `Bookkeeper`.`book_tags` (`fk_book_id`, `fk_tag_id`) VALUES (53, 5);
INSERT INTO `Bookkeeper`.`book_tags` (`fk_book_id`, `fk_tag_id`) VALUES (53, 6);
INSERT INTO `Bookkeeper`.`book_tags` (`fk_book_id`, `fk_tag_id`) VALUES (53, 10);
INSERT INTO `Bookkeeper`.`book_tags` (`fk_book_id`, `fk_tag_id`) VALUES (53, 17);
INSERT INTO `Bookkeeper`.`book_tags` (`fk_book_id`, `fk_tag_id`) VALUES (53, 22);
INSERT INTO `Bookkeeper`.`book_tags` (`fk_book_id`, `fk_tag_id`) VALUES (53, 27);
INSERT INTO `Bookkeeper`.`book_tags` (`fk_book_id`, `fk_tag_id`) VALUES (53, 30);
INSERT INTO `Bookkeeper`.`book_tags` (`fk_book_id`, `fk_tag_id`) VALUES (53, 34);
INSERT INTO `Bookkeeper`.`book_tags` (`fk_book_id`, `fk_tag_id`) VALUES (53, 37);
INSERT INTO `Bookkeeper`.`book_tags` (`fk_book_id`, `fk_tag_id`) VALUES (53, 40);
INSERT INTO `Bookkeeper`.`book_tags` (`fk_book_id`, `fk_tag_id`) VALUES (53, 44);
INSERT INTO `Bookkeeper`.`book_tags` (`fk_book_id`, `fk_tag_id`) VALUES (53, 45);
INSERT INTO `Bookkeeper`.`book_tags` (`fk_book_id`, `fk_tag_id`) VALUES (53, 47);
INSERT INTO `Bookkeeper`.`book_tags` (`fk_book_id`, `fk_tag_id`) VALUES (53, 53);
INSERT INTO `Bookkeeper`.`book_tags` (`fk_book_id`, `fk_tag_id`) VALUES (53, 54);
INSERT INTO `Bookkeeper`.`book_tags` (`fk_book_id`, `fk_tag_id`) VALUES (54, 1);
INSERT INTO `Bookkeeper`.`book_tags` (`fk_book_id`, `fk_tag_id`) VALUES (54, 2);
INSERT INTO `Bookkeeper`.`book_tags` (`fk_book_id`, `fk_tag_id`) VALUES (54, 6);
INSERT INTO `Bookkeeper`.`book_tags` (`fk_book_id`, `fk_tag_id`) VALUES (54, 13);
INSERT INTO `Bookkeeper`.`book_tags` (`fk_book_id`, `fk_tag_id`) VALUES (54, 19);
INSERT INTO `Bookkeeper`.`book_tags` (`fk_book_id`, `fk_tag_id`) VALUES (54, 20);
INSERT INTO `Bookkeeper`.`book_tags` (`fk_book_id`, `fk_tag_id`) VALUES (54, 29);
INSERT INTO `Bookkeeper`.`book_tags` (`fk_book_id`, `fk_tag_id`) VALUES (54, 31);
INSERT INTO `Bookkeeper`.`book_tags` (`fk_book_id`, `fk_tag_id`) VALUES (54, 34);
INSERT INTO `Bookkeeper`.`book_tags` (`fk_book_id`, `fk_tag_id`) VALUES (54, 35);
INSERT INTO `Bookkeeper`.`book_tags` (`fk_book_id`, `fk_tag_id`) VALUES (54, 39);
INSERT INTO `Bookkeeper`.`book_tags` (`fk_book_id`, `fk_tag_id`) VALUES (54, 54);
INSERT INTO `Bookkeeper`.`book_tags` (`fk_book_id`, `fk_tag_id`) VALUES (54, 56);
INSERT INTO `Bookkeeper`.`book_tags` (`fk_book_id`, `fk_tag_id`) VALUES (54, 59);
INSERT INTO `Bookkeeper`.`book_tags` (`fk_book_id`, `fk_tag_id`) VALUES (55, 1);
INSERT INTO `Bookkeeper`.`book_tags` (`fk_book_id`, `fk_tag_id`) VALUES (55, 2);
INSERT INTO `Bookkeeper`.`book_tags` (`fk_book_id`, `fk_tag_id`) VALUES (55, 6);
INSERT INTO `Bookkeeper`.`book_tags` (`fk_book_id`, `fk_tag_id`) VALUES (55, 20);
INSERT INTO `Bookkeeper`.`book_tags` (`fk_book_id`, `fk_tag_id`) VALUES (55, 30);
INSERT INTO `Bookkeeper`.`book_tags` (`fk_book_id`, `fk_tag_id`) VALUES (55, 31);
INSERT INTO `Bookkeeper`.`book_tags` (`fk_book_id`, `fk_tag_id`) VALUES (55, 34);
INSERT INTO `Bookkeeper`.`book_tags` (`fk_book_id`, `fk_tag_id`) VALUES (55, 35);
INSERT INTO `Bookkeeper`.`book_tags` (`fk_book_id`, `fk_tag_id`) VALUES (55, 42);
INSERT INTO `Bookkeeper`.`book_tags` (`fk_book_id`, `fk_tag_id`) VALUES (55, 52);
INSERT INTO `Bookkeeper`.`book_tags` (`fk_book_id`, `fk_tag_id`) VALUES (55, 53);
INSERT INTO `Bookkeeper`.`book_tags` (`fk_book_id`, `fk_tag_id`) VALUES (55, 54);
INSERT INTO `Bookkeeper`.`book_tags` (`fk_book_id`, `fk_tag_id`) VALUES (56, 2);
INSERT INTO `Bookkeeper`.`book_tags` (`fk_book_id`, `fk_tag_id`) VALUES (56, 3);
INSERT INTO `Bookkeeper`.`book_tags` (`fk_book_id`, `fk_tag_id`) VALUES (56, 6);
INSERT INTO `Bookkeeper`.`book_tags` (`fk_book_id`, `fk_tag_id`) VALUES (56, 18);
INSERT INTO `Bookkeeper`.`book_tags` (`fk_book_id`, `fk_tag_id`) VALUES (56, 27);
INSERT INTO `Bookkeeper`.`book_tags` (`fk_book_id`, `fk_tag_id`) VALUES (56, 34);
INSERT INTO `Bookkeeper`.`book_tags` (`fk_book_id`, `fk_tag_id`) VALUES (56, 35);
INSERT INTO `Bookkeeper`.`book_tags` (`fk_book_id`, `fk_tag_id`) VALUES (56, 39);
INSERT INTO `Bookkeeper`.`book_tags` (`fk_book_id`, `fk_tag_id`) VALUES (57, 1);
INSERT INTO `Bookkeeper`.`book_tags` (`fk_book_id`, `fk_tag_id`) VALUES (57, 2);
INSERT INTO `Bookkeeper`.`book_tags` (`fk_book_id`, `fk_tag_id`) VALUES (57, 6);
INSERT INTO `Bookkeeper`.`book_tags` (`fk_book_id`, `fk_tag_id`) VALUES (57, 13);
INSERT INTO `Bookkeeper`.`book_tags` (`fk_book_id`, `fk_tag_id`) VALUES (57, 34);
INSERT INTO `Bookkeeper`.`book_tags` (`fk_book_id`, `fk_tag_id`) VALUES (57, 36);
INSERT INTO `Bookkeeper`.`book_tags` (`fk_book_id`, `fk_tag_id`) VALUES (57, 46);
INSERT INTO `Bookkeeper`.`book_tags` (`fk_book_id`, `fk_tag_id`) VALUES (57, 47);
INSERT INTO `Bookkeeper`.`book_tags` (`fk_book_id`, `fk_tag_id`) VALUES (57, 55);
INSERT INTO `Bookkeeper`.`book_tags` (`fk_book_id`, `fk_tag_id`) VALUES (57, 56);
INSERT INTO `Bookkeeper`.`book_tags` (`fk_book_id`, `fk_tag_id`) VALUES (58, 2);
INSERT INTO `Bookkeeper`.`book_tags` (`fk_book_id`, `fk_tag_id`) VALUES (58, 6);
INSERT INTO `Bookkeeper`.`book_tags` (`fk_book_id`, `fk_tag_id`) VALUES (58, 22);
INSERT INTO `Bookkeeper`.`book_tags` (`fk_book_id`, `fk_tag_id`) VALUES (58, 30);
INSERT INTO `Bookkeeper`.`book_tags` (`fk_book_id`, `fk_tag_id`) VALUES (58, 34);
INSERT INTO `Bookkeeper`.`book_tags` (`fk_book_id`, `fk_tag_id`) VALUES (58, 40);
INSERT INTO `Bookkeeper`.`book_tags` (`fk_book_id`, `fk_tag_id`) VALUES (58, 44);
INSERT INTO `Bookkeeper`.`book_tags` (`fk_book_id`, `fk_tag_id`) VALUES (59, 2);
INSERT INTO `Bookkeeper`.`book_tags` (`fk_book_id`, `fk_tag_id`) VALUES (59, 6);
INSERT INTO `Bookkeeper`.`book_tags` (`fk_book_id`, `fk_tag_id`) VALUES (59, 31);
INSERT INTO `Bookkeeper`.`book_tags` (`fk_book_id`, `fk_tag_id`) VALUES (59, 35);
INSERT INTO `Bookkeeper`.`book_tags` (`fk_book_id`, `fk_tag_id`) VALUES (59, 39);
INSERT INTO `Bookkeeper`.`book_tags` (`fk_book_id`, `fk_tag_id`) VALUES (59, 54);
INSERT INTO `Bookkeeper`.`book_tags` (`fk_book_id`, `fk_tag_id`) VALUES (60, 1);
INSERT INTO `Bookkeeper`.`book_tags` (`fk_book_id`, `fk_tag_id`) VALUES (60, 3);
INSERT INTO `Bookkeeper`.`book_tags` (`fk_book_id`, `fk_tag_id`) VALUES (60, 6);
INSERT INTO `Bookkeeper`.`book_tags` (`fk_book_id`, `fk_tag_id`) VALUES (60, 11);
INSERT INTO `Bookkeeper`.`book_tags` (`fk_book_id`, `fk_tag_id`) VALUES (60, 18);
INSERT INTO `Bookkeeper`.`book_tags` (`fk_book_id`, `fk_tag_id`) VALUES (60, 24);
INSERT INTO `Bookkeeper`.`book_tags` (`fk_book_id`, `fk_tag_id`) VALUES (60, 30);
INSERT INTO `Bookkeeper`.`book_tags` (`fk_book_id`, `fk_tag_id`) VALUES (60, 32);
INSERT INTO `Bookkeeper`.`book_tags` (`fk_book_id`, `fk_tag_id`) VALUES (60, 34);
INSERT INTO `Bookkeeper`.`book_tags` (`fk_book_id`, `fk_tag_id`) VALUES (60, 35);
INSERT INTO `Bookkeeper`.`book_tags` (`fk_book_id`, `fk_tag_id`) VALUES (60, 40);
INSERT INTO `Bookkeeper`.`book_tags` (`fk_book_id`, `fk_tag_id`) VALUES (60, 42);
INSERT INTO `Bookkeeper`.`book_tags` (`fk_book_id`, `fk_tag_id`) VALUES (60, 53);
INSERT INTO `Bookkeeper`.`book_tags` (`fk_book_id`, `fk_tag_id`) VALUES (60, 58);
INSERT INTO `Bookkeeper`.`book_tags` (`fk_book_id`, `fk_tag_id`) VALUES (61, 1);
INSERT INTO `Bookkeeper`.`book_tags` (`fk_book_id`, `fk_tag_id`) VALUES (61, 2);
INSERT INTO `Bookkeeper`.`book_tags` (`fk_book_id`, `fk_tag_id`) VALUES (61, 5);
INSERT INTO `Bookkeeper`.`book_tags` (`fk_book_id`, `fk_tag_id`) VALUES (61, 6);
INSERT INTO `Bookkeeper`.`book_tags` (`fk_book_id`, `fk_tag_id`) VALUES (61, 24);
INSERT INTO `Bookkeeper`.`book_tags` (`fk_book_id`, `fk_tag_id`) VALUES (61, 30);
INSERT INTO `Bookkeeper`.`book_tags` (`fk_book_id`, `fk_tag_id`) VALUES (61, 31);
INSERT INTO `Bookkeeper`.`book_tags` (`fk_book_id`, `fk_tag_id`) VALUES (61, 34);
INSERT INTO `Bookkeeper`.`book_tags` (`fk_book_id`, `fk_tag_id`) VALUES (61, 35);
INSERT INTO `Bookkeeper`.`book_tags` (`fk_book_id`, `fk_tag_id`) VALUES (61, 40);
INSERT INTO `Bookkeeper`.`book_tags` (`fk_book_id`, `fk_tag_id`) VALUES (62, 1);
INSERT INTO `Bookkeeper`.`book_tags` (`fk_book_id`, `fk_tag_id`) VALUES (62, 2);
INSERT INTO `Bookkeeper`.`book_tags` (`fk_book_id`, `fk_tag_id`) VALUES (62, 6);
INSERT INTO `Bookkeeper`.`book_tags` (`fk_book_id`, `fk_tag_id`) VALUES (62, 35);
INSERT INTO `Bookkeeper`.`book_tags` (`fk_book_id`, `fk_tag_id`) VALUES (62, 36);
INSERT INTO `Bookkeeper`.`book_tags` (`fk_book_id`, `fk_tag_id`) VALUES (62, 54);
INSERT INTO `Bookkeeper`.`book_tags` (`fk_book_id`, `fk_tag_id`) VALUES (62, 64);
INSERT INTO `Bookkeeper`.`book_tags` (`fk_book_id`, `fk_tag_id`) VALUES (63, 1);
INSERT INTO `Bookkeeper`.`book_tags` (`fk_book_id`, `fk_tag_id`) VALUES (63, 2);
INSERT INTO `Bookkeeper`.`book_tags` (`fk_book_id`, `fk_tag_id`) VALUES (63, 6);
INSERT INTO `Bookkeeper`.`book_tags` (`fk_book_id`, `fk_tag_id`) VALUES (63, 18);
INSERT INTO `Bookkeeper`.`book_tags` (`fk_book_id`, `fk_tag_id`) VALUES (63, 30);
INSERT INTO `Bookkeeper`.`book_tags` (`fk_book_id`, `fk_tag_id`) VALUES (63, 34);
INSERT INTO `Bookkeeper`.`book_tags` (`fk_book_id`, `fk_tag_id`) VALUES (63, 39);
INSERT INTO `Bookkeeper`.`book_tags` (`fk_book_id`, `fk_tag_id`) VALUES (63, 44);
INSERT INTO `Bookkeeper`.`book_tags` (`fk_book_id`, `fk_tag_id`) VALUES (64, 1);
INSERT INTO `Bookkeeper`.`book_tags` (`fk_book_id`, `fk_tag_id`) VALUES (64, 2);
INSERT INTO `Bookkeeper`.`book_tags` (`fk_book_id`, `fk_tag_id`) VALUES (64, 6);
INSERT INTO `Bookkeeper`.`book_tags` (`fk_book_id`, `fk_tag_id`) VALUES (64, 9);
INSERT INTO `Bookkeeper`.`book_tags` (`fk_book_id`, `fk_tag_id`) VALUES (64, 27);
INSERT INTO `Bookkeeper`.`book_tags` (`fk_book_id`, `fk_tag_id`) VALUES (64, 30);
INSERT INTO `Bookkeeper`.`book_tags` (`fk_book_id`, `fk_tag_id`) VALUES (64, 34);
INSERT INTO `Bookkeeper`.`book_tags` (`fk_book_id`, `fk_tag_id`) VALUES (64, 35);
INSERT INTO `Bookkeeper`.`book_tags` (`fk_book_id`, `fk_tag_id`) VALUES (64, 37);
INSERT INTO `Bookkeeper`.`book_tags` (`fk_book_id`, `fk_tag_id`) VALUES (64, 40);
INSERT INTO `Bookkeeper`.`book_tags` (`fk_book_id`, `fk_tag_id`) VALUES (64, 44);
INSERT INTO `Bookkeeper`.`book_tags` (`fk_book_id`, `fk_tag_id`) VALUES (64, 45);
INSERT INTO `Bookkeeper`.`book_tags` (`fk_book_id`, `fk_tag_id`) VALUES (64, 49);
INSERT INTO `Bookkeeper`.`book_tags` (`fk_book_id`, `fk_tag_id`) VALUES (65, 1);
INSERT INTO `Bookkeeper`.`book_tags` (`fk_book_id`, `fk_tag_id`) VALUES (65, 2);
INSERT INTO `Bookkeeper`.`book_tags` (`fk_book_id`, `fk_tag_id`) VALUES (65, 3);
INSERT INTO `Bookkeeper`.`book_tags` (`fk_book_id`, `fk_tag_id`) VALUES (65, 4);
INSERT INTO `Bookkeeper`.`book_tags` (`fk_book_id`, `fk_tag_id`) VALUES (65, 31);
INSERT INTO `Bookkeeper`.`book_tags` (`fk_book_id`, `fk_tag_id`) VALUES (65, 56);
INSERT INTO `Bookkeeper`.`book_tags` (`fk_book_id`, `fk_tag_id`) VALUES (65, 59);
INSERT INTO `Bookkeeper`.`book_tags` (`fk_book_id`, `fk_tag_id`) VALUES (66, 1);
INSERT INTO `Bookkeeper`.`book_tags` (`fk_book_id`, `fk_tag_id`) VALUES (66, 2);
INSERT INTO `Bookkeeper`.`book_tags` (`fk_book_id`, `fk_tag_id`) VALUES (66, 6);
INSERT INTO `Bookkeeper`.`book_tags` (`fk_book_id`, `fk_tag_id`) VALUES (66, 11);
INSERT INTO `Bookkeeper`.`book_tags` (`fk_book_id`, `fk_tag_id`) VALUES (66, 18);
INSERT INTO `Bookkeeper`.`book_tags` (`fk_book_id`, `fk_tag_id`) VALUES (66, 22);
INSERT INTO `Bookkeeper`.`book_tags` (`fk_book_id`, `fk_tag_id`) VALUES (66, 31);
INSERT INTO `Bookkeeper`.`book_tags` (`fk_book_id`, `fk_tag_id`) VALUES (66, 61);
INSERT INTO `Bookkeeper`.`book_tags` (`fk_book_id`, `fk_tag_id`) VALUES (67, 1);
INSERT INTO `Bookkeeper`.`book_tags` (`fk_book_id`, `fk_tag_id`) VALUES (67, 2);
INSERT INTO `Bookkeeper`.`book_tags` (`fk_book_id`, `fk_tag_id`) VALUES (67, 6);
INSERT INTO `Bookkeeper`.`book_tags` (`fk_book_id`, `fk_tag_id`) VALUES (67, 22);
INSERT INTO `Bookkeeper`.`book_tags` (`fk_book_id`, `fk_tag_id`) VALUES (67, 24);
INSERT INTO `Bookkeeper`.`book_tags` (`fk_book_id`, `fk_tag_id`) VALUES (67, 25);
INSERT INTO `Bookkeeper`.`book_tags` (`fk_book_id`, `fk_tag_id`) VALUES (67, 30);
INSERT INTO `Bookkeeper`.`book_tags` (`fk_book_id`, `fk_tag_id`) VALUES (67, 31);
INSERT INTO `Bookkeeper`.`book_tags` (`fk_book_id`, `fk_tag_id`) VALUES (67, 34);
INSERT INTO `Bookkeeper`.`book_tags` (`fk_book_id`, `fk_tag_id`) VALUES (67, 38);
INSERT INTO `Bookkeeper`.`book_tags` (`fk_book_id`, `fk_tag_id`) VALUES (67, 42);
INSERT INTO `Bookkeeper`.`book_tags` (`fk_book_id`, `fk_tag_id`) VALUES (67, 54);
INSERT INTO `Bookkeeper`.`book_tags` (`fk_book_id`, `fk_tag_id`) VALUES (67, 59);
INSERT INTO `Bookkeeper`.`book_tags` (`fk_book_id`, `fk_tag_id`) VALUES (68, 1);
INSERT INTO `Bookkeeper`.`book_tags` (`fk_book_id`, `fk_tag_id`) VALUES (68, 2);
INSERT INTO `Bookkeeper`.`book_tags` (`fk_book_id`, `fk_tag_id`) VALUES (68, 6);
INSERT INTO `Bookkeeper`.`book_tags` (`fk_book_id`, `fk_tag_id`) VALUES (68, 22);
INSERT INTO `Bookkeeper`.`book_tags` (`fk_book_id`, `fk_tag_id`) VALUES (68, 31);
INSERT INTO `Bookkeeper`.`book_tags` (`fk_book_id`, `fk_tag_id`) VALUES (68, 34);
INSERT INTO `Bookkeeper`.`book_tags` (`fk_book_id`, `fk_tag_id`) VALUES (69, 2);
INSERT INTO `Bookkeeper`.`book_tags` (`fk_book_id`, `fk_tag_id`) VALUES (69, 6);
INSERT INTO `Bookkeeper`.`book_tags` (`fk_book_id`, `fk_tag_id`) VALUES (69, 9);
INSERT INTO `Bookkeeper`.`book_tags` (`fk_book_id`, `fk_tag_id`) VALUES (69, 10);
INSERT INTO `Bookkeeper`.`book_tags` (`fk_book_id`, `fk_tag_id`) VALUES (69, 27);
INSERT INTO `Bookkeeper`.`book_tags` (`fk_book_id`, `fk_tag_id`) VALUES (69, 30);
INSERT INTO `Bookkeeper`.`book_tags` (`fk_book_id`, `fk_tag_id`) VALUES (69, 32);
INSERT INTO `Bookkeeper`.`book_tags` (`fk_book_id`, `fk_tag_id`) VALUES (69, 34);
INSERT INTO `Bookkeeper`.`book_tags` (`fk_book_id`, `fk_tag_id`) VALUES (69, 35);
INSERT INTO `Bookkeeper`.`book_tags` (`fk_book_id`, `fk_tag_id`) VALUES (69, 36);
INSERT INTO `Bookkeeper`.`book_tags` (`fk_book_id`, `fk_tag_id`) VALUES (69, 42);
INSERT INTO `Bookkeeper`.`book_tags` (`fk_book_id`, `fk_tag_id`) VALUES (69, 44);
INSERT INTO `Bookkeeper`.`book_tags` (`fk_book_id`, `fk_tag_id`) VALUES (69, 53);
INSERT INTO `Bookkeeper`.`book_tags` (`fk_book_id`, `fk_tag_id`) VALUES (69, 58);
INSERT INTO `Bookkeeper`.`book_tags` (`fk_book_id`, `fk_tag_id`) VALUES (70, 1);
INSERT INTO `Bookkeeper`.`book_tags` (`fk_book_id`, `fk_tag_id`) VALUES (70, 2);
INSERT INTO `Bookkeeper`.`book_tags` (`fk_book_id`, `fk_tag_id`) VALUES (70, 3);
INSERT INTO `Bookkeeper`.`book_tags` (`fk_book_id`, `fk_tag_id`) VALUES (70, 6);
INSERT INTO `Bookkeeper`.`book_tags` (`fk_book_id`, `fk_tag_id`) VALUES (70, 18);
INSERT INTO `Bookkeeper`.`book_tags` (`fk_book_id`, `fk_tag_id`) VALUES (70, 20);
INSERT INTO `Bookkeeper`.`book_tags` (`fk_book_id`, `fk_tag_id`) VALUES (70, 22);
INSERT INTO `Bookkeeper`.`book_tags` (`fk_book_id`, `fk_tag_id`) VALUES (70, 24);
INSERT INTO `Bookkeeper`.`book_tags` (`fk_book_id`, `fk_tag_id`) VALUES (70, 27);
INSERT INTO `Bookkeeper`.`book_tags` (`fk_book_id`, `fk_tag_id`) VALUES (70, 29);
INSERT INTO `Bookkeeper`.`book_tags` (`fk_book_id`, `fk_tag_id`) VALUES (70, 30);
INSERT INTO `Bookkeeper`.`book_tags` (`fk_book_id`, `fk_tag_id`) VALUES (70, 31);
INSERT INTO `Bookkeeper`.`book_tags` (`fk_book_id`, `fk_tag_id`) VALUES (70, 34);
INSERT INTO `Bookkeeper`.`book_tags` (`fk_book_id`, `fk_tag_id`) VALUES (70, 35);
INSERT INTO `Bookkeeper`.`book_tags` (`fk_book_id`, `fk_tag_id`) VALUES (70, 36);
INSERT INTO `Bookkeeper`.`book_tags` (`fk_book_id`, `fk_tag_id`) VALUES (70, 37);
INSERT INTO `Bookkeeper`.`book_tags` (`fk_book_id`, `fk_tag_id`) VALUES (70, 38);
INSERT INTO `Bookkeeper`.`book_tags` (`fk_book_id`, `fk_tag_id`) VALUES (70, 39);
INSERT INTO `Bookkeeper`.`book_tags` (`fk_book_id`, `fk_tag_id`) VALUES (70, 40);
INSERT INTO `Bookkeeper`.`book_tags` (`fk_book_id`, `fk_tag_id`) VALUES (70, 44);
INSERT INTO `Bookkeeper`.`book_tags` (`fk_book_id`, `fk_tag_id`) VALUES (70, 45);
INSERT INTO `Bookkeeper`.`book_tags` (`fk_book_id`, `fk_tag_id`) VALUES (70, 47);
INSERT INTO `Bookkeeper`.`book_tags` (`fk_book_id`, `fk_tag_id`) VALUES (70, 48);
INSERT INTO `Bookkeeper`.`book_tags` (`fk_book_id`, `fk_tag_id`) VALUES (70, 53);
INSERT INTO `Bookkeeper`.`book_tags` (`fk_book_id`, `fk_tag_id`) VALUES (70, 54);
INSERT INTO `Bookkeeper`.`book_tags` (`fk_book_id`, `fk_tag_id`) VALUES (70, 62);
INSERT INTO `Bookkeeper`.`book_tags` (`fk_book_id`, `fk_tag_id`) VALUES (71, 1);
INSERT INTO `Bookkeeper`.`book_tags` (`fk_book_id`, `fk_tag_id`) VALUES (71, 3);
INSERT INTO `Bookkeeper`.`book_tags` (`fk_book_id`, `fk_tag_id`) VALUES (71, 5);
INSERT INTO `Bookkeeper`.`book_tags` (`fk_book_id`, `fk_tag_id`) VALUES (71, 6);
INSERT INTO `Bookkeeper`.`book_tags` (`fk_book_id`, `fk_tag_id`) VALUES (71, 18);
INSERT INTO `Bookkeeper`.`book_tags` (`fk_book_id`, `fk_tag_id`) VALUES (71, 20);
INSERT INTO `Bookkeeper`.`book_tags` (`fk_book_id`, `fk_tag_id`) VALUES (71, 30);
INSERT INTO `Bookkeeper`.`book_tags` (`fk_book_id`, `fk_tag_id`) VALUES (71, 31);
INSERT INTO `Bookkeeper`.`book_tags` (`fk_book_id`, `fk_tag_id`) VALUES (71, 34);
INSERT INTO `Bookkeeper`.`book_tags` (`fk_book_id`, `fk_tag_id`) VALUES (71, 35);
INSERT INTO `Bookkeeper`.`book_tags` (`fk_book_id`, `fk_tag_id`) VALUES (71, 44);
INSERT INTO `Bookkeeper`.`book_tags` (`fk_book_id`, `fk_tag_id`) VALUES (71, 56);
INSERT INTO `Bookkeeper`.`book_tags` (`fk_book_id`, `fk_tag_id`) VALUES (71, 59);
INSERT INTO `Bookkeeper`.`book_tags` (`fk_book_id`, `fk_tag_id`) VALUES (72, 1);
INSERT INTO `Bookkeeper`.`book_tags` (`fk_book_id`, `fk_tag_id`) VALUES (72, 2);
INSERT INTO `Bookkeeper`.`book_tags` (`fk_book_id`, `fk_tag_id`) VALUES (72, 6);
INSERT INTO `Bookkeeper`.`book_tags` (`fk_book_id`, `fk_tag_id`) VALUES (72, 8);
INSERT INTO `Bookkeeper`.`book_tags` (`fk_book_id`, `fk_tag_id`) VALUES (72, 20);
INSERT INTO `Bookkeeper`.`book_tags` (`fk_book_id`, `fk_tag_id`) VALUES (72, 30);
INSERT INTO `Bookkeeper`.`book_tags` (`fk_book_id`, `fk_tag_id`) VALUES (72, 31);
INSERT INTO `Bookkeeper`.`book_tags` (`fk_book_id`, `fk_tag_id`) VALUES (72, 34);
INSERT INTO `Bookkeeper`.`book_tags` (`fk_book_id`, `fk_tag_id`) VALUES (72, 35);
INSERT INTO `Bookkeeper`.`book_tags` (`fk_book_id`, `fk_tag_id`) VALUES (72, 46);
INSERT INTO `Bookkeeper`.`book_tags` (`fk_book_id`, `fk_tag_id`) VALUES (72, 54);
INSERT INTO `Bookkeeper`.`book_tags` (`fk_book_id`, `fk_tag_id`) VALUES (73, 2);
INSERT INTO `Bookkeeper`.`book_tags` (`fk_book_id`, `fk_tag_id`) VALUES (73, 3);
INSERT INTO `Bookkeeper`.`book_tags` (`fk_book_id`, `fk_tag_id`) VALUES (73, 6);
INSERT INTO `Bookkeeper`.`book_tags` (`fk_book_id`, `fk_tag_id`) VALUES (73, 17);
INSERT INTO `Bookkeeper`.`book_tags` (`fk_book_id`, `fk_tag_id`) VALUES (73, 20);
INSERT INTO `Bookkeeper`.`book_tags` (`fk_book_id`, `fk_tag_id`) VALUES (73, 33);
INSERT INTO `Bookkeeper`.`book_tags` (`fk_book_id`, `fk_tag_id`) VALUES (73, 34);
INSERT INTO `Bookkeeper`.`book_tags` (`fk_book_id`, `fk_tag_id`) VALUES (73, 35);
INSERT INTO `Bookkeeper`.`book_tags` (`fk_book_id`, `fk_tag_id`) VALUES (73, 36);
INSERT INTO `Bookkeeper`.`book_tags` (`fk_book_id`, `fk_tag_id`) VALUES (73, 37);
INSERT INTO `Bookkeeper`.`book_tags` (`fk_book_id`, `fk_tag_id`) VALUES (73, 38);
INSERT INTO `Bookkeeper`.`book_tags` (`fk_book_id`, `fk_tag_id`) VALUES (73, 42);
INSERT INTO `Bookkeeper`.`book_tags` (`fk_book_id`, `fk_tag_id`) VALUES (73, 47);
INSERT INTO `Bookkeeper`.`book_tags` (`fk_book_id`, `fk_tag_id`) VALUES (73, 48);
INSERT INTO `Bookkeeper`.`book_tags` (`fk_book_id`, `fk_tag_id`) VALUES (73, 54);
INSERT INTO `Bookkeeper`.`book_tags` (`fk_book_id`, `fk_tag_id`) VALUES (73, 56);
INSERT INTO `Bookkeeper`.`book_tags` (`fk_book_id`, `fk_tag_id`) VALUES (73, 62);
INSERT INTO `Bookkeeper`.`book_tags` (`fk_book_id`, `fk_tag_id`) VALUES (73, 63);
INSERT INTO `Bookkeeper`.`book_tags` (`fk_book_id`, `fk_tag_id`) VALUES (73, 64);
INSERT INTO `Bookkeeper`.`book_tags` (`fk_book_id`, `fk_tag_id`) VALUES (74, 2);
INSERT INTO `Bookkeeper`.`book_tags` (`fk_book_id`, `fk_tag_id`) VALUES (74, 4);
INSERT INTO `Bookkeeper`.`book_tags` (`fk_book_id`, `fk_tag_id`) VALUES (74, 6);
INSERT INTO `Bookkeeper`.`book_tags` (`fk_book_id`, `fk_tag_id`) VALUES (74, 20);
INSERT INTO `Bookkeeper`.`book_tags` (`fk_book_id`, `fk_tag_id`) VALUES (74, 22);
INSERT INTO `Bookkeeper`.`book_tags` (`fk_book_id`, `fk_tag_id`) VALUES (74, 24);
INSERT INTO `Bookkeeper`.`book_tags` (`fk_book_id`, `fk_tag_id`) VALUES (74, 31);
INSERT INTO `Bookkeeper`.`book_tags` (`fk_book_id`, `fk_tag_id`) VALUES (74, 34);
INSERT INTO `Bookkeeper`.`book_tags` (`fk_book_id`, `fk_tag_id`) VALUES (74, 40);
INSERT INTO `Bookkeeper`.`book_tags` (`fk_book_id`, `fk_tag_id`) VALUES (74, 48);
INSERT INTO `Bookkeeper`.`book_tags` (`fk_book_id`, `fk_tag_id`) VALUES (74, 59);
INSERT INTO `Bookkeeper`.`book_tags` (`fk_book_id`, `fk_tag_id`) VALUES (75, 1);
INSERT INTO `Bookkeeper`.`book_tags` (`fk_book_id`, `fk_tag_id`) VALUES (75, 2);
INSERT INTO `Bookkeeper`.`book_tags` (`fk_book_id`, `fk_tag_id`) VALUES (75, 35);
INSERT INTO `Bookkeeper`.`book_tags` (`fk_book_id`, `fk_tag_id`) VALUES (75, 39);
INSERT INTO `Bookkeeper`.`book_tags` (`fk_book_id`, `fk_tag_id`) VALUES (75, 40);
INSERT INTO `Bookkeeper`.`book_tags` (`fk_book_id`, `fk_tag_id`) VALUES (75, 44);
INSERT INTO `Bookkeeper`.`book_tags` (`fk_book_id`, `fk_tag_id`) VALUES (75, 48);
INSERT INTO `Bookkeeper`.`book_tags` (`fk_book_id`, `fk_tag_id`) VALUES (75, 53);
INSERT INTO `Bookkeeper`.`book_tags` (`fk_book_id`, `fk_tag_id`) VALUES (75, 63);
INSERT INTO `Bookkeeper`.`book_tags` (`fk_book_id`, `fk_tag_id`) VALUES (75, 64);
INSERT INTO `Bookkeeper`.`book_tags` (`fk_book_id`, `fk_tag_id`) VALUES (76, 2);
INSERT INTO `Bookkeeper`.`book_tags` (`fk_book_id`, `fk_tag_id`) VALUES (76, 6);
INSERT INTO `Bookkeeper`.`book_tags` (`fk_book_id`, `fk_tag_id`) VALUES (76, 20);
INSERT INTO `Bookkeeper`.`book_tags` (`fk_book_id`, `fk_tag_id`) VALUES (76, 30);
INSERT INTO `Bookkeeper`.`book_tags` (`fk_book_id`, `fk_tag_id`) VALUES (76, 34);
INSERT INTO `Bookkeeper`.`book_tags` (`fk_book_id`, `fk_tag_id`) VALUES (76, 37);
INSERT INTO `Bookkeeper`.`book_tags` (`fk_book_id`, `fk_tag_id`) VALUES (76, 48);
INSERT INTO `Bookkeeper`.`book_tags` (`fk_book_id`, `fk_tag_id`) VALUES (77, 1);
INSERT INTO `Bookkeeper`.`book_tags` (`fk_book_id`, `fk_tag_id`) VALUES (77, 2);
INSERT INTO `Bookkeeper`.`book_tags` (`fk_book_id`, `fk_tag_id`) VALUES (77, 6);
INSERT INTO `Bookkeeper`.`book_tags` (`fk_book_id`, `fk_tag_id`) VALUES (77, 13);
INSERT INTO `Bookkeeper`.`book_tags` (`fk_book_id`, `fk_tag_id`) VALUES (77, 19);
INSERT INTO `Bookkeeper`.`book_tags` (`fk_book_id`, `fk_tag_id`) VALUES (77, 20);
INSERT INTO `Bookkeeper`.`book_tags` (`fk_book_id`, `fk_tag_id`) VALUES (77, 21);
INSERT INTO `Bookkeeper`.`book_tags` (`fk_book_id`, `fk_tag_id`) VALUES (77, 27);
INSERT INTO `Bookkeeper`.`book_tags` (`fk_book_id`, `fk_tag_id`) VALUES (77, 34);
INSERT INTO `Bookkeeper`.`book_tags` (`fk_book_id`, `fk_tag_id`) VALUES (77, 35);
INSERT INTO `Bookkeeper`.`book_tags` (`fk_book_id`, `fk_tag_id`) VALUES (77, 41);
INSERT INTO `Bookkeeper`.`book_tags` (`fk_book_id`, `fk_tag_id`) VALUES (77, 42);
INSERT INTO `Bookkeeper`.`book_tags` (`fk_book_id`, `fk_tag_id`) VALUES (77, 54);
INSERT INTO `Bookkeeper`.`book_tags` (`fk_book_id`, `fk_tag_id`) VALUES (77, 56);
INSERT INTO `Bookkeeper`.`book_tags` (`fk_book_id`, `fk_tag_id`) VALUES (78, 2);
INSERT INTO `Bookkeeper`.`book_tags` (`fk_book_id`, `fk_tag_id`) VALUES (78, 3);
INSERT INTO `Bookkeeper`.`book_tags` (`fk_book_id`, `fk_tag_id`) VALUES (78, 6);
INSERT INTO `Bookkeeper`.`book_tags` (`fk_book_id`, `fk_tag_id`) VALUES (78, 13);
INSERT INTO `Bookkeeper`.`book_tags` (`fk_book_id`, `fk_tag_id`) VALUES (78, 35);
INSERT INTO `Bookkeeper`.`book_tags` (`fk_book_id`, `fk_tag_id`) VALUES (78, 40);
INSERT INTO `Bookkeeper`.`book_tags` (`fk_book_id`, `fk_tag_id`) VALUES (78, 48);
INSERT INTO `Bookkeeper`.`book_tags` (`fk_book_id`, `fk_tag_id`) VALUES (78, 55);
INSERT INTO `Bookkeeper`.`book_tags` (`fk_book_id`, `fk_tag_id`) VALUES (79, 1);
INSERT INTO `Bookkeeper`.`book_tags` (`fk_book_id`, `fk_tag_id`) VALUES (79, 2);
INSERT INTO `Bookkeeper`.`book_tags` (`fk_book_id`, `fk_tag_id`) VALUES (79, 13);
INSERT INTO `Bookkeeper`.`book_tags` (`fk_book_id`, `fk_tag_id`) VALUES (79, 25);
INSERT INTO `Bookkeeper`.`book_tags` (`fk_book_id`, `fk_tag_id`) VALUES (79, 29);
INSERT INTO `Bookkeeper`.`book_tags` (`fk_book_id`, `fk_tag_id`) VALUES (79, 31);
INSERT INTO `Bookkeeper`.`book_tags` (`fk_book_id`, `fk_tag_id`) VALUES (79, 39);
INSERT INTO `Bookkeeper`.`book_tags` (`fk_book_id`, `fk_tag_id`) VALUES (79, 54);
INSERT INTO `Bookkeeper`.`book_tags` (`fk_book_id`, `fk_tag_id`) VALUES (79, 61);
INSERT INTO `Bookkeeper`.`book_tags` (`fk_book_id`, `fk_tag_id`) VALUES (80, 1);
INSERT INTO `Bookkeeper`.`book_tags` (`fk_book_id`, `fk_tag_id`) VALUES (80, 2);
INSERT INTO `Bookkeeper`.`book_tags` (`fk_book_id`, `fk_tag_id`) VALUES (80, 6);
INSERT INTO `Bookkeeper`.`book_tags` (`fk_book_id`, `fk_tag_id`) VALUES (80, 31);
INSERT INTO `Bookkeeper`.`book_tags` (`fk_book_id`, `fk_tag_id`) VALUES (80, 34);
INSERT INTO `Bookkeeper`.`book_tags` (`fk_book_id`, `fk_tag_id`) VALUES (80, 35);
INSERT INTO `Bookkeeper`.`book_tags` (`fk_book_id`, `fk_tag_id`) VALUES (80, 49);
INSERT INTO `Bookkeeper`.`book_tags` (`fk_book_id`, `fk_tag_id`) VALUES (81, 1);
INSERT INTO `Bookkeeper`.`book_tags` (`fk_book_id`, `fk_tag_id`) VALUES (81, 2);
INSERT INTO `Bookkeeper`.`book_tags` (`fk_book_id`, `fk_tag_id`) VALUES (81, 6);
INSERT INTO `Bookkeeper`.`book_tags` (`fk_book_id`, `fk_tag_id`) VALUES (81, 18);
INSERT INTO `Bookkeeper`.`book_tags` (`fk_book_id`, `fk_tag_id`) VALUES (81, 30);
INSERT INTO `Bookkeeper`.`book_tags` (`fk_book_id`, `fk_tag_id`) VALUES (81, 31);
INSERT INTO `Bookkeeper`.`book_tags` (`fk_book_id`, `fk_tag_id`) VALUES (81, 35);
INSERT INTO `Bookkeeper`.`book_tags` (`fk_book_id`, `fk_tag_id`) VALUES (81, 38);
INSERT INTO `Bookkeeper`.`book_tags` (`fk_book_id`, `fk_tag_id`) VALUES (81, 42);
INSERT INTO `Bookkeeper`.`book_tags` (`fk_book_id`, `fk_tag_id`) VALUES (81, 45);
INSERT INTO `Bookkeeper`.`book_tags` (`fk_book_id`, `fk_tag_id`) VALUES (81, 53);
INSERT INTO `Bookkeeper`.`book_tags` (`fk_book_id`, `fk_tag_id`) VALUES (82, 1);
INSERT INTO `Bookkeeper`.`book_tags` (`fk_book_id`, `fk_tag_id`) VALUES (82, 2);
INSERT INTO `Bookkeeper`.`book_tags` (`fk_book_id`, `fk_tag_id`) VALUES (82, 6);
INSERT INTO `Bookkeeper`.`book_tags` (`fk_book_id`, `fk_tag_id`) VALUES (82, 31);
INSERT INTO `Bookkeeper`.`book_tags` (`fk_book_id`, `fk_tag_id`) VALUES (82, 33);
INSERT INTO `Bookkeeper`.`book_tags` (`fk_book_id`, `fk_tag_id`) VALUES (82, 35);
INSERT INTO `Bookkeeper`.`book_tags` (`fk_book_id`, `fk_tag_id`) VALUES (82, 36);
INSERT INTO `Bookkeeper`.`book_tags` (`fk_book_id`, `fk_tag_id`) VALUES (82, 41);
INSERT INTO `Bookkeeper`.`book_tags` (`fk_book_id`, `fk_tag_id`) VALUES (82, 54);
INSERT INTO `Bookkeeper`.`book_tags` (`fk_book_id`, `fk_tag_id`) VALUES (82, 56);
INSERT INTO `Bookkeeper`.`book_tags` (`fk_book_id`, `fk_tag_id`) VALUES (82, 59);
INSERT INTO `Bookkeeper`.`book_tags` (`fk_book_id`, `fk_tag_id`) VALUES (83, 1);
INSERT INTO `Bookkeeper`.`book_tags` (`fk_book_id`, `fk_tag_id`) VALUES (83, 2);
INSERT INTO `Bookkeeper`.`book_tags` (`fk_book_id`, `fk_tag_id`) VALUES (83, 6);
INSERT INTO `Bookkeeper`.`book_tags` (`fk_book_id`, `fk_tag_id`) VALUES (83, 10);
INSERT INTO `Bookkeeper`.`book_tags` (`fk_book_id`, `fk_tag_id`) VALUES (83, 22);
INSERT INTO `Bookkeeper`.`book_tags` (`fk_book_id`, `fk_tag_id`) VALUES (83, 30);
INSERT INTO `Bookkeeper`.`book_tags` (`fk_book_id`, `fk_tag_id`) VALUES (83, 31);
INSERT INTO `Bookkeeper`.`book_tags` (`fk_book_id`, `fk_tag_id`) VALUES (83, 39);
INSERT INTO `Bookkeeper`.`book_tags` (`fk_book_id`, `fk_tag_id`) VALUES (83, 40);
INSERT INTO `Bookkeeper`.`book_tags` (`fk_book_id`, `fk_tag_id`) VALUES (83, 42);
INSERT INTO `Bookkeeper`.`book_tags` (`fk_book_id`, `fk_tag_id`) VALUES (83, 44);
INSERT INTO `Bookkeeper`.`book_tags` (`fk_book_id`, `fk_tag_id`) VALUES (83, 48);
INSERT INTO `Bookkeeper`.`book_tags` (`fk_book_id`, `fk_tag_id`) VALUES (84, 1);
INSERT INTO `Bookkeeper`.`book_tags` (`fk_book_id`, `fk_tag_id`) VALUES (84, 2);
INSERT INTO `Bookkeeper`.`book_tags` (`fk_book_id`, `fk_tag_id`) VALUES (84, 6);
INSERT INTO `Bookkeeper`.`book_tags` (`fk_book_id`, `fk_tag_id`) VALUES (84, 24);
INSERT INTO `Bookkeeper`.`book_tags` (`fk_book_id`, `fk_tag_id`) VALUES (84, 42);
INSERT INTO `Bookkeeper`.`book_tags` (`fk_book_id`, `fk_tag_id`) VALUES (85, 1);
INSERT INTO `Bookkeeper`.`book_tags` (`fk_book_id`, `fk_tag_id`) VALUES (85, 3);
INSERT INTO `Bookkeeper`.`book_tags` (`fk_book_id`, `fk_tag_id`) VALUES (85, 13);
INSERT INTO `Bookkeeper`.`book_tags` (`fk_book_id`, `fk_tag_id`) VALUES (85, 24);
INSERT INTO `Bookkeeper`.`book_tags` (`fk_book_id`, `fk_tag_id`) VALUES (85, 31);
INSERT INTO `Bookkeeper`.`book_tags` (`fk_book_id`, `fk_tag_id`) VALUES (85, 35);
INSERT INTO `Bookkeeper`.`book_tags` (`fk_book_id`, `fk_tag_id`) VALUES (85, 55);
INSERT INTO `Bookkeeper`.`book_tags` (`fk_book_id`, `fk_tag_id`) VALUES (85, 60);
INSERT INTO `Bookkeeper`.`book_tags` (`fk_book_id`, `fk_tag_id`) VALUES (85, 61);
INSERT INTO `Bookkeeper`.`book_tags` (`fk_book_id`, `fk_tag_id`) VALUES (86, 1);
INSERT INTO `Bookkeeper`.`book_tags` (`fk_book_id`, `fk_tag_id`) VALUES (86, 2);
INSERT INTO `Bookkeeper`.`book_tags` (`fk_book_id`, `fk_tag_id`) VALUES (86, 22);
INSERT INTO `Bookkeeper`.`book_tags` (`fk_book_id`, `fk_tag_id`) VALUES (86, 31);
INSERT INTO `Bookkeeper`.`book_tags` (`fk_book_id`, `fk_tag_id`) VALUES (86, 34);
INSERT INTO `Bookkeeper`.`book_tags` (`fk_book_id`, `fk_tag_id`) VALUES (86, 38);
INSERT INTO `Bookkeeper`.`book_tags` (`fk_book_id`, `fk_tag_id`) VALUES (86, 40);
INSERT INTO `Bookkeeper`.`book_tags` (`fk_book_id`, `fk_tag_id`) VALUES (86, 42);
INSERT INTO `Bookkeeper`.`book_tags` (`fk_book_id`, `fk_tag_id`) VALUES (86, 60);
INSERT INTO `Bookkeeper`.`book_tags` (`fk_book_id`, `fk_tag_id`) VALUES (86, 64);
INSERT INTO `Bookkeeper`.`book_tags` (`fk_book_id`, `fk_tag_id`) VALUES (87, 1);
INSERT INTO `Bookkeeper`.`book_tags` (`fk_book_id`, `fk_tag_id`) VALUES (87, 2);
INSERT INTO `Bookkeeper`.`book_tags` (`fk_book_id`, `fk_tag_id`) VALUES (87, 6);
INSERT INTO `Bookkeeper`.`book_tags` (`fk_book_id`, `fk_tag_id`) VALUES (87, 9);
INSERT INTO `Bookkeeper`.`book_tags` (`fk_book_id`, `fk_tag_id`) VALUES (87, 30);
INSERT INTO `Bookkeeper`.`book_tags` (`fk_book_id`, `fk_tag_id`) VALUES (87, 34);
INSERT INTO `Bookkeeper`.`book_tags` (`fk_book_id`, `fk_tag_id`) VALUES (87, 35);
INSERT INTO `Bookkeeper`.`book_tags` (`fk_book_id`, `fk_tag_id`) VALUES (87, 36);
INSERT INTO `Bookkeeper`.`book_tags` (`fk_book_id`, `fk_tag_id`) VALUES (87, 38);
INSERT INTO `Bookkeeper`.`book_tags` (`fk_book_id`, `fk_tag_id`) VALUES (87, 42);
INSERT INTO `Bookkeeper`.`book_tags` (`fk_book_id`, `fk_tag_id`) VALUES (87, 47);
INSERT INTO `Bookkeeper`.`book_tags` (`fk_book_id`, `fk_tag_id`) VALUES (87, 53);
INSERT INTO `Bookkeeper`.`book_tags` (`fk_book_id`, `fk_tag_id`) VALUES (87, 62);
INSERT INTO `Bookkeeper`.`book_tags` (`fk_book_id`, `fk_tag_id`) VALUES (87, 64);
INSERT INTO `Bookkeeper`.`book_tags` (`fk_book_id`, `fk_tag_id`) VALUES (88, 1);
INSERT INTO `Bookkeeper`.`book_tags` (`fk_book_id`, `fk_tag_id`) VALUES (88, 2);
INSERT INTO `Bookkeeper`.`book_tags` (`fk_book_id`, `fk_tag_id`) VALUES (88, 6);
INSERT INTO `Bookkeeper`.`book_tags` (`fk_book_id`, `fk_tag_id`) VALUES (88, 8);
INSERT INTO `Bookkeeper`.`book_tags` (`fk_book_id`, `fk_tag_id`) VALUES (88, 31);
INSERT INTO `Bookkeeper`.`book_tags` (`fk_book_id`, `fk_tag_id`) VALUES (88, 34);
INSERT INTO `Bookkeeper`.`book_tags` (`fk_book_id`, `fk_tag_id`) VALUES (88, 35);
INSERT INTO `Bookkeeper`.`book_tags` (`fk_book_id`, `fk_tag_id`) VALUES (88, 42);
INSERT INTO `Bookkeeper`.`book_tags` (`fk_book_id`, `fk_tag_id`) VALUES (89, 2);
INSERT INTO `Bookkeeper`.`book_tags` (`fk_book_id`, `fk_tag_id`) VALUES (89, 6);
INSERT INTO `Bookkeeper`.`book_tags` (`fk_book_id`, `fk_tag_id`) VALUES (89, 9);
INSERT INTO `Bookkeeper`.`book_tags` (`fk_book_id`, `fk_tag_id`) VALUES (89, 26);
INSERT INTO `Bookkeeper`.`book_tags` (`fk_book_id`, `fk_tag_id`) VALUES (89, 37);
INSERT INTO `Bookkeeper`.`book_tags` (`fk_book_id`, `fk_tag_id`) VALUES (89, 52);
INSERT INTO `Bookkeeper`.`book_tags` (`fk_book_id`, `fk_tag_id`) VALUES (89, 56);
INSERT INTO `Bookkeeper`.`book_tags` (`fk_book_id`, `fk_tag_id`) VALUES (90, 1);
INSERT INTO `Bookkeeper`.`book_tags` (`fk_book_id`, `fk_tag_id`) VALUES (90, 2);
INSERT INTO `Bookkeeper`.`book_tags` (`fk_book_id`, `fk_tag_id`) VALUES (90, 5);
INSERT INTO `Bookkeeper`.`book_tags` (`fk_book_id`, `fk_tag_id`) VALUES (90, 6);
INSERT INTO `Bookkeeper`.`book_tags` (`fk_book_id`, `fk_tag_id`) VALUES (90, 22);
INSERT INTO `Bookkeeper`.`book_tags` (`fk_book_id`, `fk_tag_id`) VALUES (90, 30);
INSERT INTO `Bookkeeper`.`book_tags` (`fk_book_id`, `fk_tag_id`) VALUES (90, 31);
INSERT INTO `Bookkeeper`.`book_tags` (`fk_book_id`, `fk_tag_id`) VALUES (90, 35);
INSERT INTO `Bookkeeper`.`book_tags` (`fk_book_id`, `fk_tag_id`) VALUES (90, 37);
INSERT INTO `Bookkeeper`.`book_tags` (`fk_book_id`, `fk_tag_id`) VALUES (90, 40);
INSERT INTO `Bookkeeper`.`book_tags` (`fk_book_id`, `fk_tag_id`) VALUES (90, 42);
INSERT INTO `Bookkeeper`.`book_tags` (`fk_book_id`, `fk_tag_id`) VALUES (90, 45);
INSERT INTO `Bookkeeper`.`book_tags` (`fk_book_id`, `fk_tag_id`) VALUES (90, 48);
INSERT INTO `Bookkeeper`.`book_tags` (`fk_book_id`, `fk_tag_id`) VALUES (90, 53);
INSERT INTO `Bookkeeper`.`book_tags` (`fk_book_id`, `fk_tag_id`) VALUES (91, 1);
INSERT INTO `Bookkeeper`.`book_tags` (`fk_book_id`, `fk_tag_id`) VALUES (91, 2);
INSERT INTO `Bookkeeper`.`book_tags` (`fk_book_id`, `fk_tag_id`) VALUES (91, 3);
INSERT INTO `Bookkeeper`.`book_tags` (`fk_book_id`, `fk_tag_id`) VALUES (91, 6);
INSERT INTO `Bookkeeper`.`book_tags` (`fk_book_id`, `fk_tag_id`) VALUES (91, 20);
INSERT INTO `Bookkeeper`.`book_tags` (`fk_book_id`, `fk_tag_id`) VALUES (91, 22);
INSERT INTO `Bookkeeper`.`book_tags` (`fk_book_id`, `fk_tag_id`) VALUES (91, 23);
INSERT INTO `Bookkeeper`.`book_tags` (`fk_book_id`, `fk_tag_id`) VALUES (91, 31);
INSERT INTO `Bookkeeper`.`book_tags` (`fk_book_id`, `fk_tag_id`) VALUES (91, 34);
INSERT INTO `Bookkeeper`.`book_tags` (`fk_book_id`, `fk_tag_id`) VALUES (91, 40);
INSERT INTO `Bookkeeper`.`book_tags` (`fk_book_id`, `fk_tag_id`) VALUES (91, 41);
INSERT INTO `Bookkeeper`.`book_tags` (`fk_book_id`, `fk_tag_id`) VALUES (91, 42);
INSERT INTO `Bookkeeper`.`book_tags` (`fk_book_id`, `fk_tag_id`) VALUES (91, 44);
INSERT INTO `Bookkeeper`.`book_tags` (`fk_book_id`, `fk_tag_id`) VALUES (91, 53);
INSERT INTO `Bookkeeper`.`book_tags` (`fk_book_id`, `fk_tag_id`) VALUES (91, 64);
INSERT INTO `Bookkeeper`.`book_tags` (`fk_book_id`, `fk_tag_id`) VALUES (92, 2);
INSERT INTO `Bookkeeper`.`book_tags` (`fk_book_id`, `fk_tag_id`) VALUES (92, 3);
INSERT INTO `Bookkeeper`.`book_tags` (`fk_book_id`, `fk_tag_id`) VALUES (92, 6);
INSERT INTO `Bookkeeper`.`book_tags` (`fk_book_id`, `fk_tag_id`) VALUES (92, 11);
INSERT INTO `Bookkeeper`.`book_tags` (`fk_book_id`, `fk_tag_id`) VALUES (92, 30);
INSERT INTO `Bookkeeper`.`book_tags` (`fk_book_id`, `fk_tag_id`) VALUES (92, 34);
INSERT INTO `Bookkeeper`.`book_tags` (`fk_book_id`, `fk_tag_id`) VALUES (92, 35);
INSERT INTO `Bookkeeper`.`book_tags` (`fk_book_id`, `fk_tag_id`) VALUES (93, 1);
INSERT INTO `Bookkeeper`.`book_tags` (`fk_book_id`, `fk_tag_id`) VALUES (93, 2);
INSERT INTO `Bookkeeper`.`book_tags` (`fk_book_id`, `fk_tag_id`) VALUES (93, 3);
INSERT INTO `Bookkeeper`.`book_tags` (`fk_book_id`, `fk_tag_id`) VALUES (93, 6);
INSERT INTO `Bookkeeper`.`book_tags` (`fk_book_id`, `fk_tag_id`) VALUES (93, 48);
INSERT INTO `Bookkeeper`.`book_tags` (`fk_book_id`, `fk_tag_id`) VALUES (93, 22);
INSERT INTO `Bookkeeper`.`book_tags` (`fk_book_id`, `fk_tag_id`) VALUES (93, 39);
INSERT INTO `Bookkeeper`.`book_tags` (`fk_book_id`, `fk_tag_id`) VALUES (93, 47);
INSERT INTO `Bookkeeper`.`book_tags` (`fk_book_id`, `fk_tag_id`) VALUES (94, 48);
INSERT INTO `Bookkeeper`.`book_tags` (`fk_book_id`, `fk_tag_id`) VALUES (94, 47);
INSERT INTO `Bookkeeper`.`book_tags` (`fk_book_id`, `fk_tag_id`) VALUES (94, 54);

COMMIT;


-- -----------------------------------------------------
-- Data for table `Bookkeeper`.`reading`
-- -----------------------------------------------------
START TRANSACTION;
USE `Bookkeeper`;
INSERT INTO `Bookkeeper`.`reading` (`id_reading`, `name`, `progress`) VALUES (1, 'Unbound', 290);
INSERT INTO `Bookkeeper`.`reading` (`id_reading`, `name`, `progress`) VALUES (2, 'Salvos', 252);
INSERT INTO `Bookkeeper`.`reading` (`id_reading`, `name`, `progress`) VALUES (3, 'Beneath the Dragoneye Moons', 250);
INSERT INTO `Bookkeeper`.`reading` (`id_reading`, `name`, `progress`) VALUES (4, 'Blue Core', 62);
INSERT INTO `Bookkeeper`.`reading` (`id_reading`, `name`, `progress`) VALUES (5, 'Everybody Loves Large Chests', 348);
INSERT INTO `Bookkeeper`.`reading` (`id_reading`, `name`, `progress`) VALUES (6, 'Metaworld Chronicles', 438);
INSERT INTO `Bookkeeper`.`reading` (`id_reading`, `name`, `progress`) VALUES (7, 'Valkyrie\'s Shadow', 421);
INSERT INTO `Bookkeeper`.`reading` (`id_reading`, `name`, `progress`) VALUES (8, 'The Perfect Run', 86);
INSERT INTO `Bookkeeper`.`reading` (`id_reading`, `name`, `progress`) VALUES (9, 'The Blue Mage Raised by Dragons', 537);
INSERT INTO `Bookkeeper`.`reading` (`id_reading`, `name`, `progress`) VALUES (10, 'Tori Transmigrated', 50);
INSERT INTO `Bookkeeper`.`reading` (`id_reading`, `name`, `progress`) VALUES (11, 'Savage Divinity', 673);
INSERT INTO `Bookkeeper`.`reading` (`id_reading`, `name`, `progress`) VALUES (12, 'In Loki\'s Honor', 371);
INSERT INTO `Bookkeeper`.`reading` (`id_reading`, `name`, `progress`) VALUES (13, 'This Young Master is not Cannon Fodder', 190);
INSERT INTO `Bookkeeper`.`reading` (`id_reading`, `name`, `progress`) VALUES (14, 'Vainqueur the Dragon', 157);
INSERT INTO `Bookkeeper`.`reading` (`id_reading`, `name`, `progress`) VALUES (15, 'The Hedge Wizard', 72);
INSERT INTO `Bookkeeper`.`reading` (`id_reading`, `name`, `progress`) VALUES (16, 'Vigor Mortis', 119);
INSERT INTO `Bookkeeper`.`reading` (`id_reading`, `name`, `progress`) VALUES (17, 'Only Villains Do That', 121);
INSERT INTO `Bookkeeper`.`reading` (`id_reading`, `name`, `progress`) VALUES (18, 'A Journey of Black and Red', 144);
INSERT INTO `Bookkeeper`.`reading` (`id_reading`, `name`, `progress`) VALUES (19, 'The Calamity of a Reborn Witch', 234);
INSERT INTO `Bookkeeper`.`reading` (`id_reading`, `name`, `progress`) VALUES (20, 'Reborn as a DRAGON', 92);
INSERT INTO `Bookkeeper`.`reading` (`id_reading`, `name`, `progress`) VALUES (21, 'The Calamitous Bob', 54);
INSERT INTO `Bookkeeper`.`reading` (`id_reading`, `name`, `progress`) VALUES (22, 'Inexorable Chaos', 222);
INSERT INTO `Bookkeeper`.`reading` (`id_reading`, `name`, `progress`) VALUES (23, 'Reborn From the Cosmos', 143);
INSERT INTO `Bookkeeper`.`reading` (`id_reading`, `name`, `progress`) VALUES (24, 'Returning Transcendent Opnes an Idol Agency', 267);

COMMIT;


-- -----------------------------------------------------
-- Data for table `Bookkeeper`.`planned`
-- -----------------------------------------------------
START TRANSACTION;
USE `Bookkeeper`;
INSERT INTO `Bookkeeper`.`planned` (`id_planned`, `name`, `interest`) VALUES (1, 'Delve', 8);
INSERT INTO `Bookkeeper`.`planned` (`id_planned`, `name`, `interest`) VALUES (2, 'There is no Epic Loot here, Only Puns.', 5);
INSERT INTO `Bookkeeper`.`planned` (`id_planned`, `name`, `interest`) VALUES (3, 'Ar\'Kendrithyst', 7);
INSERT INTO `Bookkeeper`.`planned` (`id_planned`, `name`, `interest`) VALUES (4, 'Melody of Mana', 6);
INSERT INTO `Bookkeeper`.`planned` (`id_planned`, `name`, `interest`) VALUES (5, 'My Best Friend is an Eldritch Horror', 2);
INSERT INTO `Bookkeeper`.`planned` (`id_planned`, `name`, `interest`) VALUES (6, 'MAZE - The Endless Quest', 3);
INSERT INTO `Bookkeeper`.`planned` (`id_planned`, `name`, `interest`) VALUES (7, '12 Miles Below', 4);
INSERT INTO `Bookkeeper`.`planned` (`id_planned`, `name`, `interest`) VALUES (8, 'Etherial Adventurer', 1);
INSERT INTO `Bookkeeper`.`planned` (`id_planned`, `name`, `interest`) VALUES (9, 'Heart of Dorkness', 10);
INSERT INTO `Bookkeeper`.`planned` (`id_planned`, `name`, `interest`) VALUES (10, 'Book Of The Dead', 11);
INSERT INTO `Bookkeeper`.`planned` (`id_planned`, `name`, `interest`) VALUES (11, 'Underland', 1);

COMMIT;


-- -----------------------------------------------------
-- Data for table `Bookkeeper`.`dropped`
-- -----------------------------------------------------
START TRANSACTION;
USE `Bookkeeper`;
INSERT INTO `Bookkeeper`.`dropped` (`id_dropped`, `name`, `progress`, `reason`) VALUES (1, 'Azarinth Healer', 174, 'Got bored');
INSERT INTO `Bookkeeper`.`dropped` (`id_dropped`, `name`, `progress`, `reason`) VALUES (2, 'The Primal Hunter', 77, 'Already read too many of this type of novel');
INSERT INTO `Bookkeeper`.`dropped` (`id_dropped`, `name`, `progress`, `reason`) VALUES (3, 'Chrysalis', 257, 'MC just keeps doing the same thing');
INSERT INTO `Bookkeeper`.`dropped` (`id_dropped`, `name`, `progress`, `reason`) VALUES (4, 'Mother of Learning', 91, 'Didn\'t feel like reading it');
INSERT INTO `Bookkeeper`.`dropped` (`id_dropped`, `name`, `progress`, `reason`) VALUES (5, 'Sylver Seeker', 53, 'Too many inconsistencies in the story, got bored');
INSERT INTO `Bookkeeper`.`dropped` (`id_dropped`, `name`, `progress`, `reason`) VALUES (6, 'The Runesmith', 150, 'Became unreadable due to bad grammar, characters have no personalities');
INSERT INTO `Bookkeeper`.`dropped` (`id_dropped`, `name`, `progress`, `reason`) VALUES (7, 'Tree of Aeons', 30, 'Bad grammar, story is just a copy paste of other stories but MC is a tree');
INSERT INTO `Bookkeeper`.`dropped` (`id_dropped`, `name`, `progress`, `reason`) VALUES (8, 'Dungeon Item Shop', 75, 'Wasnt really into it');
INSERT INTO `Bookkeeper`.`dropped` (`id_dropped`, `name`, `progress`, `reason`) VALUES (9, 'Cinnamon Bun', 66, 'Not my type of story');
INSERT INTO `Bookkeeper`.`dropped` (`id_dropped`, `name`, `progress`, `reason`) VALUES (10, 'Speedrunning the Multiverse', 7, 'Xianxia but MC is op! Haven\'t i heard about it?');
INSERT INTO `Bookkeeper`.`dropped` (`id_dropped`, `name`, `progress`, `reason`) VALUES (11, 'Monroe', 73, 'A guy uses science to rise to power. Nothing new');
INSERT INTO `Bookkeeper`.`dropped` (`id_dropped`, `name`, `progress`, `reason`) VALUES (12, 'Wizard\'s Tower', 24, 'Didn\'t have enough chapters at the time of reading');
INSERT INTO `Bookkeeper`.`dropped` (`id_dropped`, `name`, `progress`, `reason`) VALUES (13, 'The Great Core\'s Paradox', 10, 'Moster evolution, nothing special to keep me interested');
INSERT INTO `Bookkeeper`.`dropped` (`id_dropped`, `name`, `progress`, `reason`) VALUES (14, 'Prophecy Approved Companion', 66, 'Got bored');
INSERT INTO `Bookkeeper`.`dropped` (`id_dropped`, `name`, `progress`, `reason`) VALUES (15, 'The Reincarnation of Alysara', 56, 'Another 1y/o crawling around to \'build strength\' then saving their village at 10y/o');
INSERT INTO `Bookkeeper`.`dropped` (`id_dropped`, `name`, `progress`, `reason`) VALUES (16, 'After the End: Serenity', 46, 'Another clone of \'system came to earth\' story, nothing special');
INSERT INTO `Bookkeeper`.`dropped` (`id_dropped`, `name`, `progress`, `reason`) VALUES (17, 'A Jaded Life', 242, 'There were more interesting stories at that time');
INSERT INTO `Bookkeeper`.`dropped` (`id_dropped`, `name`, `progress`, `reason`) VALUES (18, 'Kairos', 2, 'Not really into greek mythology combined with litRPG');
INSERT INTO `Bookkeeper`.`dropped` (`id_dropped`, `name`, `progress`, `reason`) VALUES (19, 'A Dragon Idol\'s Reincarnation Tale', 109, 'No idea why I even started reading this.');
INSERT INTO `Bookkeeper`.`dropped` (`id_dropped`, `name`, `progress`, `reason`) VALUES (20, 'Vaudevillain', 37, 'Superheroes are boring.');

COMMIT;

USE `Bookkeeper`;

DELIMITER $$

USE `Bookkeeper`$$
DROP TRIGGER IF EXISTS `Bookkeeper`.`dropped_BEFORE_INSERT` $$
USE `Bookkeeper`$$
CREATE DEFINER = CURRENT_USER TRIGGER `Bookkeeper`.`dropped_BEFORE_INSERT` BEFORE INSERT ON `dropped` FOR EACH ROW
BEGIN
	delete from reading where reading.name = new.name;
END$$


DELIMITER ;
